index,distance_m,segment_length_m,x,y,z,elevation_m,gradient_pct,radius_m,speed_ms,speed_kmh,width_left_m,width_right_m,width_total_m
0,0.00,1.736,278.622,191.005,216.181,191.005,0.00,2000.0,,,0.00,0.00,0.00
1,1.74,1.727,276.886,190.995,216.189,190.995,-0.56,2000.0,,,0.00,0.00,0.00
2,3.46,1.708,275.159,190.985,216.198,190.985,-0.57,2000.0,,,0.00,0.00,0.00
3,5.17,1.683,273.451,190.976,216.206,190.976,-0.58,2000.0,,,0.00,0.00,0.00
4,6.86,1.657,271.768,190.966,216.215,190.966,-0.58,2000.0,,,0.00,0.00,0.00
5,8.51,1.634,270.111,190.956,216.223,190.956,-0.59,2000.0,,,0.00,0.00,0.00
6,10.15,1.616,268.477,190.947,216.230,190.947,-0.59,1974.7,,,0.00,0.00,0.00
7,11.76,1.604,266.861,190.937,216.237,190.937,-0.59,1924.5,,,0.00,0.00,0.00
8,13.37,1.597,265.257,190.928,216.242,190.928,-0.59,1854.6,,,0.00,0.00,0.00
9,14.96,1.594,263.660,190.919,216.247,190.919,-0.59,1782.8,,,0.00,0.00,0.00
10,16.56,1.593,262.066,190.909,216.250,190.909,-0.59,1707.4,,,0.00,0.00,0.00
11,18.15,1.593,260.474,190.900,216.251,190.900,-0.60,1634.0,,,0.00,0.00,0.00
12,19.74,1.593,258.881,190.890,216.251,190.890,-0.60,1574.8,,,0.00,0.00,0.00
13,21.34,1.593,257.289,190.881,216.249,190.881,-0.60,1557.2,,,0.00,0.00,0.00
14,22.93,1.594,255.696,190.871,216.246,190.871,-0.61,1583.5,,,0.00,0.00,0.00
15,24.52,1.594,254.102,190.861,216.240,190.861,-0.61,1653.4,,,0.00,0.00,0.00
16,26.12,1.594,252.509,190.851,216.233,190.851,-0.61,1725.1,,,0.00,0.00,0.00
17,27.71,1.594,250.915,190.842,216.225,190.842,-0.62,1800.5,,,0.00,0.00,0.00
18,29.31,1.595,249.321,190.832,216.215,190.832,-0.62,1874.0,,,0.00,0.00,0.00
19,30.90,1.596,247.726,190.822,216.204,190.822,-0.62,1933.1,,,0.00,0.00,0.00
20,32.50,1.597,246.131,190.812,216.192,190.812,-0.61,1976.0,,,0.00,0.00,0.00
21,34.09,1.598,244.534,190.802,216.179,190.802,-0.61,2000.0,,,0.00,0.00,0.00
22,35.69,1.600,242.936,190.793,216.165,190.793,-0.61,2000.0,,,0.00,0.00,0.00
23,37.29,1.602,241.337,190.783,216.151,190.783,-0.60,2000.0,,,0.00,0.00,0.00
24,38.89,4.920,239.736,190.773,216.137,190.773,-0.20,2000.0,,,0.00,0.00,0.00
25,43.81,1.679,234.816,190.744,216.092,190.744,-1.77,2000.0,,,0.00,0.00,0.00
26,45.49,1.682,233.137,190.733,216.078,190.733,-0.62,2000.0,,,0.00,0.00,0.00
27,47.17,1.684,231.456,190.723,216.064,190.723,-0.61,2000.0,,,0.00,0.00,0.00
28,48.86,1.686,229.772,190.713,216.051,190.713,-0.62,2000.0,,,0.00,0.00,0.00
29,50.54,1.689,228.086,190.702,216.038,190.702,-0.62,2000.0,,,0.00,0.00,0.00
30,52.23,1.691,226.398,190.691,216.026,190.691,-0.62,2000.0,,,0.00,0.00,0.00
31,53.92,1.693,224.707,190.681,216.014,190.681,-0.63,2000.0,,,0.00,0.00,0.00
32,55.61,1.696,223.014,190.670,216.002,190.670,-0.63,2000.0,,,0.00,0.00,0.00
33,57.31,1.698,221.319,190.659,215.991,190.659,-0.64,2000.0,,,0.00,0.00,0.00
34,59.01,1.700,219.621,190.648,215.981,190.648,-0.65,2000.0,,,0.00,0.00,0.00
35,60.71,1.703,217.921,190.637,215.970,190.637,-0.65,2000.0,,,0.00,0.00,0.00
36,62.41,1.705,216.219,190.626,215.960,190.626,-0.64,2000.0,,,0.00,0.00,0.00
37,64.12,1.707,214.514,190.615,215.950,190.615,-0.65,2000.0,,,0.00,0.00,0.00
38,65.82,1.710,212.807,190.604,215.941,190.604,-0.66,2000.0,,,0.00,0.00,0.00
39,67.53,1.712,211.098,190.593,215.931,190.593,-0.65,2000.0,,,0.00,0.00,0.00
40,69.24,1.714,209.386,190.582,215.922,190.582,-0.64,2000.0,,,0.00,0.00,0.00
41,70.96,1.716,207.672,190.571,215.913,190.571,-0.64,2000.0,,,0.00,0.00,0.00
42,72.68,1.719,205.956,190.559,215.904,190.559,-0.66,2000.0,,,0.00,0.00,0.00
43,74.39,1.721,204.237,190.548,215.895,190.548,-0.66,2000.0,,,0.00,0.00,0.00
44,76.12,1.723,202.516,190.537,215.886,190.537,-0.66,2000.0,,,0.00,0.00,0.00
45,77.84,1.726,200.793,190.525,215.876,190.525,-0.67,2000.0,,,0.00,0.00,0.00
46,79.56,1.728,199.068,190.514,215.867,190.514,-0.67,2000.0,,,0.00,0.00,0.00
47,81.29,1.730,197.340,190.502,215.858,190.502,-0.67,2000.0,,,0.00,0.00,0.00
48,83.02,1.732,195.610,190.490,215.849,190.490,-0.68,2000.0,,,0.00,0.00,0.00
49,84.75,1.735,193.878,190.478,215.840,190.478,-0.69,2000.0,,,0.00,0.00,0.00
50,86.49,1.737,192.144,190.466,215.831,190.466,-0.71,2000.0,,,0.00,0.00,0.00
51,88.23,1.739,190.407,190.453,215.822,190.453,-0.73,2000.0,,,0.00,0.00,0.00
52,89.96,1.741,188.668,190.441,215.813,190.441,-0.72,2000.0,,,0.00,0.00,0.00
53,91.71,1.743,186.927,190.428,215.805,190.428,-0.72,2000.0,,,0.00,0.00,0.00
54,93.45,1.743,185.184,190.416,215.796,190.416,-0.71,2000.0,,,0.00,0.00,0.00
55,95.19,1.739,183.441,190.404,215.788,190.404,-0.71,2000.0,,,0.00,0.00,0.00
56,96.93,1.732,181.703,190.391,215.780,190.391,-0.70,2000.0,,,0.00,0.00,0.00
57,98.66,1.723,179.972,190.379,215.772,190.379,-0.71,2000.0,,,0.00,0.00,0.00
58,100.39,1.714,178.249,190.367,215.764,190.367,-0.73,2000.0,,,0.00,0.00,0.00
59,102.10,1.704,176.535,190.354,215.757,190.354,-0.75,2000.0,,,0.00,0.00,0.00
60,103.80,1.694,174.831,190.341,215.750,190.341,-0.77,2000.0,,,0.00,0.00,0.00
61,105.50,1.684,173.137,190.328,215.744,190.328,-0.77,2000.0,,,0.00,0.00,0.00
62,107.18,1.674,171.454,190.315,215.737,190.315,-0.74,2000.0,,,0.00,0.00,0.00
63,108.85,1.664,169.780,190.303,215.731,190.303,-0.72,2000.0,,,0.00,0.00,0.00
64,110.52,1.655,168.116,190.292,215.726,190.292,-0.70,2000.0,,,0.00,0.00,0.00
65,112.17,1.646,166.462,190.280,215.720,190.280,-0.69,2000.0,,,0.00,0.00,0.00
66,113.82,1.636,164.816,190.269,215.716,190.269,-0.70,2000.0,,,0.00,0.00,0.00
67,115.46,1.627,163.180,190.257,215.711,190.257,-0.71,2000.0,,,0.00,0.00,0.00
68,117.08,1.618,161.553,190.246,215.707,190.246,-0.73,2000.0,,,0.00,0.00,0.00
69,118.70,1.609,159.936,190.233,215.703,190.233,-0.76,2000.0,,,0.00,0.00,0.00
70,120.31,1.600,158.327,190.221,215.699,190.221,-0.79,2000.0,,,0.00,0.00,0.00
71,121.91,1.590,156.728,190.208,215.696,190.208,-0.83,2000.0,,,0.00,0.00,0.00
72,123.50,1.581,155.137,190.194,215.693,190.194,-0.86,2000.0,,,0.00,0.00,0.00
73,125.08,1.571,153.557,190.180,215.690,190.180,-0.87,2000.0,,,0.00,0.00,0.00
74,126.65,1.562,151.986,190.167,215.688,190.167,-0.88,2000.0,,,0.00,0.00,0.00
75,128.21,1.554,150.424,190.153,215.686,190.153,-0.90,2000.0,,,0.00,0.00,0.00
76,129.77,1.545,148.870,190.138,215.684,190.138,-0.94,2000.0,,,0.00,0.00,0.00
77,131.31,1.536,147.326,190.123,215.682,190.123,-1.01,2000.0,,,0.00,0.00,0.00
78,132.85,1.528,145.790,190.106,215.681,190.106,-1.08,2000.0,,,0.00,0.00,0.00
79,134.38,1.519,144.263,190.089,215.679,190.089,-1.15,2000.0,,,0.00,0.00,0.00
80,135.90,1.511,142.744,190.070,215.678,190.070,-1.20,2000.0,,,0.00,0.00,0.00
81,137.41,1.503,141.233,190.052,215.677,190.052,-1.25,2000.0,,,0.00,0.00,0.00
82,138.91,1.707,139.730,190.033,215.676,190.033,-1.12,2000.0,,,0.00,0.00,0.00
83,140.62,1.694,138.023,190.011,215.674,190.011,-1.29,2000.0,,,0.00,0.00,0.00
84,142.31,1.682,136.330,189.990,215.673,189.990,-1.25,2000.0,,,0.00,0.00,0.00
85,143.99,1.673,134.648,189.970,215.671,189.970,-1.17,2000.0,,,0.00,0.00,0.00
86,145.67,1.662,132.975,189.953,215.670,189.953,-1.05,2000.0,,,0.00,0.00,0.00
87,147.33,1.650,131.313,189.938,215.668,189.938,-0.89,2000.0,,,0.00,0.00,0.00
88,148.98,1.638,129.663,189.926,215.665,189.926,-0.70,2000.0,,,0.00,0.00,0.00
89,150.62,1.626,128.025,189.919,215.663,189.919,-0.49,2000.0,,,0.00,0.00,0.00
90,152.24,1.613,126.400,189.914,215.660,189.914,-0.28,2000.0,,,0.00,0.00,0.00
91,153.86,1.602,124.787,189.913,215.657,189.913,-0.09,2000.0,,,0.00,0.00,0.00
92,155.46,1.590,123.185,189.914,215.653,189.914,0.06,2000.0,,,0.00,0.00,0.00
93,157.05,1.579,121.595,189.916,215.649,189.916,0.14,2000.0,,,0.00,0.00,0.00
94,158.63,1.567,120.016,189.918,215.645,189.918,0.16,2000.0,,,0.00,0.00,0.00
95,160.19,1.555,118.450,189.921,215.640,189.921,0.19,2000.0,,,0.00,0.00,0.00
96,161.75,1.543,116.896,189.925,215.634,189.925,0.25,2000.0,,,0.00,0.00,0.00
97,163.29,1.532,115.353,189.929,215.629,189.929,0.27,2000.0,,,0.00,0.00,0.00
98,164.82,1.522,113.821,189.933,215.622,189.933,0.23,1993.0,,,0.00,0.00,0.00
99,166.34,1.512,112.299,189.935,215.615,189.935,0.14,1960.8,,,0.00,0.00,0.00
100,167.86,1.503,110.787,189.936,215.606,189.936,0.09,1844.4,,,0.00,0.00,0.00
101,169.36,1.678,109.284,189.936,215.597,189.936,0.01,1697.3,,,0.00,0.00,0.00
102,171.04,1.662,107.606,189.936,215.585,189.936,-0.03,1536.3,,,0.00,0.00,0.00
103,172.70,1.648,105.945,189.936,215.572,189.936,-0.00,1367.5,,,0.00,0.00,0.00
104,174.35,1.636,104.297,189.937,215.557,189.937,0.05,1200.4,,,0.00,0.00,0.00
105,175.98,1.622,102.661,189.939,215.539,189.939,0.16,1043.4,,,0.00,0.00,0.00
106,177.61,1.606,101.039,189.943,215.518,189.943,0.26,902.3,,,0.00,0.00,0.00
107,179.21,1.591,99.434,189.950,215.494,189.950,0.39,829.9,,,0.00,0.00,0.00
108,180.80,1.576,97.844,189.957,215.468,189.957,0.45,771.3,,,0.00,0.00,0.00
109,182.38,1.562,96.268,189.963,215.439,189.963,0.40,716.2,,,0.00,0.00,0.00
110,183.94,1.546,94.707,189.968,215.406,189.968,0.31,658.5,,,0.00,0.00,0.00
111,185.49,1.530,93.161,189.971,215.371,189.971,0.23,592.2,,,0.00,0.00,0.00
112,187.02,1.514,91.632,189.974,215.332,189.974,0.20,516.4,,,0.00,0.00,0.00
113,188.53,1.663,90.119,189.977,215.288,189.977,0.16,444.9,,,0.00,0.00,0.00
114,190.19,1.644,88.456,189.979,215.234,189.979,0.16,384.4,,,0.00,0.00,0.00
115,191.84,1.624,86.814,189.982,215.173,189.982,0.14,337.2,,,0.00,0.00,0.00
116,193.46,1.605,85.191,189.984,215.105,189.984,0.13,297.8,,,0.00,0.00,0.00
117,195.07,1.586,83.588,189.985,215.028,189.985,0.10,266.8,,,0.00,0.00,0.00
118,196.65,1.566,82.005,189.987,214.942,189.987,0.09,241.6,,,0.00,0.00,0.00
119,198.22,1.548,80.441,189.988,214.847,189.988,0.10,221.5,,,0.00,0.00,0.00
120,199.77,1.529,78.898,189.990,214.741,189.990,0.11,205.5,,,0.00,0.00,0.00
121,201.29,1.510,77.373,189.991,214.625,189.991,0.11,193.0,,,0.00,0.00,0.00
122,202.80,1.640,75.869,189.993,214.498,189.993,0.10,183.6,,,0.00,0.00,0.00
123,204.44,1.618,74.236,189.995,214.346,189.995,0.11,176.2,,,0.00,0.00,0.00
124,206.06,1.596,72.626,189.996,214.181,189.996,0.10,170.1,,,0.00,0.00,0.00
125,207.66,1.574,71.040,189.998,214.003,189.998,0.10,164.5,,,0.00,0.00,0.00
126,209.23,1.552,69.478,189.999,213.813,189.999,0.09,159.5,,,0.00,0.00,0.00
127,210.79,1.531,67.939,190.000,213.610,190.000,0.07,154.5,,,0.00,0.00,0.00
128,212.32,1.510,66.424,190.001,213.394,190.001,0.03,149.4,,,0.00,0.00,0.00
129,213.83,1.623,64.931,190.001,213.167,190.001,0.00,143.9,,,0.00,0.00,0.00
130,215.45,1.597,63.330,190.000,212.905,190.000,-0.04,137.9,,,0.00,0.00,0.00
131,217.05,1.572,61.757,189.999,212.629,189.999,-0.06,132.3,,,0.00,0.00,0.00
132,218.62,1.546,60.212,189.999,212.339,189.999,-0.05,127.7,,,0.00,0.00,0.00
133,220.16,1.521,58.697,189.998,212.035,189.998,-0.01,124.6,,,0.00,0.00,0.00
134,221.68,1.621,57.210,189.999,211.717,189.999,0.05,121.5,,,0.00,0.00,0.00
135,223.31,1.594,55.630,190.000,211.356,190.000,0.07,118.6,,,0.00,0.00,0.00
136,224.90,1.567,54.081,190.001,210.980,190.001,0.03,116.5,,,0.00,0.00,0.00
137,226.47,1.540,52.563,190.000,210.590,190.000,-0.03,116.0,,,0.00,0.00,0.00
138,228.01,1.516,51.077,190.000,210.188,190.000,-0.03,114.6,,,0.00,0.00,0.00
139,229.52,1.606,49.619,190.000,209.773,190.000,-0.01,112.9,,,0.00,0.00,0.00
140,231.13,1.579,48.081,190.001,209.310,190.001,0.06,111.3,,,0.00,0.00,0.00
141,232.71,1.552,46.575,190.003,208.835,190.003,0.18,109.1,,,0.00,0.00,0.00
142,234.26,1.531,45.102,190.009,208.346,190.009,0.39,105.2,,,0.00,0.00,0.00
143,235.79,1.509,43.657,190.017,207.842,190.017,0.47,99.5,,,0.00,0.00,0.00
144,237.30,1.591,42.239,190.022,207.327,190.022,0.37,92.8,,,0.00,0.00,0.00
145,238.89,1.564,40.752,190.028,206.761,190.028,0.33,87.0,,,0.00,0.00,0.00
146,240.45,1.540,39.301,190.033,206.177,190.033,0.38,80.9,,,0.00,0.00,0.00
147,241.99,1.532,37.886,190.043,205.571,190.043,0.63,73.4,,,0.00,0.00,0.00
148,243.53,1.537,36.492,190.053,204.937,190.053,0.65,67.6,,,0.00,0.00,0.00
149,245.06,1.546,35.108,190.061,204.267,190.061,0.54,65.4,,,0.00,0.00,0.00
150,246.61,1.555,33.734,190.068,203.560,190.068,0.46,66.0,,,0.00,0.00,0.00
151,248.17,1.565,32.370,190.076,202.813,190.076,0.46,67.2,,,0.00,0.00,0.00
152,249.73,1.574,31.017,190.083,202.027,190.083,0.49,67.9,,,0.00,0.00,0.00
153,251.30,1.584,29.674,190.089,201.206,190.089,0.37,69.6,,,0.00,0.00,0.00
154,252.89,1.593,28.341,190.092,200.352,190.092,0.18,72.3,,,0.00,0.00,0.00
155,254.48,1.604,27.017,190.093,199.465,190.093,0.05,74.2,,,0.00,0.00,0.00
156,256.08,1.506,25.706,190.096,198.541,190.096,0.19,73.1,,,0.00,0.00,0.00
157,257.59,1.512,24.494,190.099,197.649,190.099,0.24,70.8,,,0.00,0.00,0.00
158,259.10,1.518,23.293,190.101,196.730,190.101,0.13,68.4,,,0.00,0.00,0.00
159,260.62,1.521,22.107,190.101,195.783,190.101,0.01,66.8,,,0.00,0.00,0.00
160,262.14,1.522,20.942,190.105,194.805,190.105,0.24,63.9,,,0.00,0.00,0.00
161,263.66,1.523,19.801,190.114,193.797,190.114,0.58,60.2,,,0.00,0.00,0.00
162,265.19,1.523,18.687,190.126,192.759,190.126,0.78,57.5,,,0.00,0.00,0.00
163,266.71,1.522,17.600,190.139,191.693,190.139,0.87,56.9,,,0.00,0.00,0.00
164,268.23,1.522,16.544,190.155,190.598,190.155,1.05,56.4,,,0.00,0.00,0.00
165,269.75,1.519,15.519,190.174,189.472,190.174,1.22,55.7,,,0.00,0.00,0.00
166,271.27,1.512,14.527,190.192,188.322,190.192,1.19,55.0,,,0.00,0.00,0.00
167,272.79,1.500,13.570,190.207,187.151,190.207,1.04,54.7,,,0.00,0.00,0.00
168,274.29,1.594,12.653,190.222,185.964,190.222,0.91,54.3,,,0.00,0.00,0.00
169,275.88,1.581,11.714,190.235,184.676,190.235,0.85,52.8,,,0.00,0.00,0.00
170,277.46,1.567,10.822,190.246,183.371,190.246,0.68,51.2,,,0.00,0.00,0.00
171,279.03,1.553,9.977,190.253,182.052,190.253,0.49,49.9,,,0.00,0.00,0.00
172,280.58,1.538,9.180,190.257,180.719,190.257,0.27,48.2,,,0.00,0.00,0.00
173,282.12,1.524,8.435,190.261,179.374,190.261,0.24,45.8,,,0.00,0.00,0.00
174,283.64,1.510,7.742,190.263,178.017,190.263,0.14,43.8,,,0.00,0.00,0.00
175,285.15,1.593,7.100,190.263,176.651,190.263,-0.02,42.3,,,0.00,0.00,0.00
176,286.75,1.575,6.475,190.262,175.185,190.262,-0.04,41.3,,,0.00,0.00,0.00
177,288.32,1.559,5.921,190.266,173.712,190.266,0.25,40.1,,,0.00,0.00,0.00
178,289.88,1.543,5.432,190.272,172.232,190.272,0.40,39.2,,,0.00,0.00,0.00
179,291.42,1.527,5.005,190.277,170.749,190.277,0.33,38.8,,,0.00,0.00,0.00
180,292.95,1.512,4.640,190.282,169.267,190.282,0.30,38.7,,,0.00,0.00,0.00
181,294.46,1.591,4.338,190.288,167.786,190.288,0.38,38.8,,,0.00,0.00,0.00
182,296.05,1.574,4.082,190.292,166.216,190.292,0.27,38.8,,,0.00,0.00,0.00
183,297.63,1.566,3.890,190.294,164.654,190.294,0.14,39.3,,,0.00,0.00,0.00
184,299.19,1.577,3.767,190.297,163.092,190.297,0.19,39.9,,,0.00,0.00,0.00
185,300.77,1.590,3.707,190.302,161.517,190.302,0.31,40.5,,,0.00,0.00,0.00
186,302.36,1.509,3.709,190.307,159.927,190.307,0.30,41.5,,,0.00,0.00,0.00
187,303.87,1.525,3.765,190.310,158.419,190.310,0.20,42.8,,,0.00,0.00,0.00
188,305.39,1.538,3.877,190.314,156.898,190.314,0.26,43.6,,,0.00,0.00,0.00
189,306.93,1.549,4.043,190.318,155.370,190.318,0.25,44.8,,,0.00,0.00,0.00
190,308.48,1.561,4.262,190.320,153.836,190.320,0.13,46.3,,,0.00,0.00,0.00
191,310.04,1.573,4.534,190.322,152.299,190.322,0.16,47.3,,,0.00,0.00,0.00
192,311.61,1.583,4.864,190.328,150.762,190.328,0.37,47.6,,,0.00,0.00,0.00
193,313.20,1.594,5.245,190.333,149.226,190.333,0.33,47.9,,,0.00,0.00,0.00
194,314.79,1.505,5.675,190.335,147.691,190.335,0.14,49.0,,,0.00,0.00,0.00
195,316.29,1.517,6.127,190.337,146.256,190.337,0.14,50.3,,,0.00,0.00,0.00
196,317.81,1.527,6.630,190.343,144.825,190.343,0.34,50.6,,,0.00,0.00,0.00
197,319.34,1.538,7.181,190.349,143.400,190.349,0.44,50.5,,,0.00,0.00,0.00
198,320.88,1.551,7.777,190.354,141.982,190.354,0.29,51.7,,,0.00,0.00,0.00
199,322.43,1.565,8.418,190.358,140.571,190.358,0.24,53.7,,,0.00,0.00,0.00
200,323.99,1.578,9.110,190.363,139.167,190.363,0.35,55.1,,,0.00,0.00,0.00
201,325.57,1.592,9.849,190.370,137.773,190.370,0.45,55.6,,,0.00,0.00,0.00
202,327.16,1.608,10.633,190.375,136.388,190.375,0.32,56.6,,,0.00,0.00,0.00
203,328.77,1.515,11.462,190.379,135.010,190.379,0.23,58.7,,,0.00,0.00,0.00
204,330.29,1.530,12.278,190.382,133.734,190.382,0.22,61.0,,,0.00,0.00,0.00
205,331.82,1.544,13.136,190.387,132.467,190.387,0.30,62.2,,,0.00,0.00,0.00
206,333.36,1.558,14.034,190.392,131.210,190.392,0.32,62.9,,,0.00,0.00,0.00
207,334.92,1.573,14.970,190.395,129.964,190.395,0.20,63.8,,,0.00,0.00,0.00
208,336.49,1.588,15.944,190.396,128.729,190.396,0.08,65.5,,,0.00,0.00,0.00
209,338.08,1.604,16.956,190.397,127.506,190.397,0.06,68.0,,,0.00,0.00,0.00
210,339.68,1.504,18.008,190.400,126.296,190.400,0.16,70.2,,,0.00,0.00,0.00
211,341.19,1.518,19.023,190.404,125.185,190.404,0.29,71.8,,,0.00,0.00,0.00
212,342.71,1.531,20.070,190.409,124.087,190.409,0.30,72.5,,,0.00,0.00,0.00
213,344.24,1.543,21.148,190.411,123.000,190.411,0.17,73.5,,,0.00,0.00,0.00
214,345.78,1.556,22.256,190.412,121.925,190.412,0.02,76.2,,,0.00,0.00,0.00
215,347.34,1.570,23.394,190.411,120.863,190.411,-0.03,79.6,,,0.00,0.00,0.00
216,348.91,1.582,24.565,190.413,119.818,190.413,0.14,82.6,,,0.00,0.00,0.00
217,350.49,1.591,25.768,190.418,118.790,190.418,0.27,82.9,,,0.00,0.00,0.00
218,352.08,1.600,26.997,190.421,117.780,190.421,0.19,83.1,,,0.00,0.00,0.00
219,353.68,1.608,28.250,190.420,116.786,190.420,-0.02,87.0,,,0.00,0.00,0.00
220,355.29,1.621,29.526,190.418,115.806,190.418,-0.15,105.3,,,0.00,0.00,0.00
221,356.91,1.507,30.831,190.419,114.845,190.419,0.09,223.5,,,0.00,0.00,0.00
222,358.42,1.517,32.061,190.427,113.975,190.427,0.49,427.1,,,0.00,0.00,0.00
223,359.93,1.526,33.313,190.438,113.118,190.438,0.72,640.1,,,0.00,0.00,0.00
224,361.46,1.537,34.579,190.448,112.266,190.448,0.69,914.0,,,0.00,0.00,0.00
225,363.00,1.548,35.855,190.456,111.410,190.456,0.51,1091.9,,,0.00,0.00,0.00
226,364.55,1.559,37.140,190.461,110.546,190.461,0.29,1126.9,,,0.00,0.00,0.00
227,366.10,1.571,38.433,190.462,109.674,190.462,0.06,1123.8,,,0.00,0.00,0.00
228,367.68,1.583,39.736,190.460,108.796,190.460,-0.08,1012.9,,,0.00,0.00,0.00
229,369.26,1.592,41.050,190.459,107.913,190.459,-0.06,813.2,,,0.00,0.00,0.00
230,370.85,1.599,42.375,190.460,107.031,190.460,0.02,601.9,,,0.00,0.00,0.00
231,372.45,1.605,43.713,190.462,106.158,190.462,0.15,330.8,,,0.00,0.00,0.00
232,374.05,1.611,45.067,190.465,105.297,190.465,0.18,154.9,,,0.00,0.00,0.00
233,375.66,1.617,46.438,190.467,104.450,190.467,0.14,117.3,,,0.00,0.00,0.00
234,377.28,1.621,47.826,190.469,103.621,190.469,0.08,103.2,,,0.00,0.00,0.00
235,378.90,1.626,49.230,190.469,102.812,190.469,0.04,95.9,,,0.00,0.00,0.00
236,380.53,1.631,50.653,190.470,102.025,190.470,0.04,93.0,,,0.00,0.00,0.00
237,382.16,1.636,52.096,190.474,101.264,190.474,0.23,93.9,,,0.00,0.00,0.00
238,383.80,1.503,53.558,190.482,100.531,190.482,0.55,96.6,,,0.00,0.00,0.00
239,385.30,1.507,54.915,190.492,99.883,190.492,0.68,100.2,,,0.00,0.00,0.00
240,386.81,1.511,56.284,190.502,99.254,190.502,0.65,105.1,,,0.00,0.00,0.00
241,388.32,1.516,57.665,190.509,98.640,190.509,0.47,111.7,,,0.00,0.00,0.00
242,389.83,1.521,59.058,190.514,98.042,190.514,0.29,118.8,,,0.00,0.00,0.00
243,391.35,1.527,60.463,190.517,97.460,190.517,0.19,124.1,,,0.00,0.00,0.00
244,392.88,1.532,61.881,190.519,96.895,190.519,0.12,126.4,,,0.00,0.00,0.00
245,394.41,1.536,63.310,190.519,96.345,190.519,0.03,127.3,,,0.00,0.00,0.00
246,395.95,1.541,64.750,190.518,95.810,190.518,-0.09,127.4,,,0.00,0.00,0.00
247,397.49,1.546,66.201,190.515,95.289,190.515,-0.19,127.4,,,0.00,0.00,0.00
248,399.04,1.551,67.662,190.511,94.784,190.511,-0.23,125.9,,,0.00,0.00,0.00
249,400.59,1.556,69.134,190.508,94.294,190.508,-0.19,123.5,,,0.00,0.00,0.00
250,402.14,1.560,70.617,190.507,93.823,190.507,-0.08,121.3,,,0.00,0.00,0.00
251,403.70,1.565,72.110,190.508,93.370,190.508,0.08,120.6,,,0.00,0.00,0.00
252,405.27,1.569,73.614,190.512,92.937,190.512,0.23,121.5,,,0.00,0.00,0.00
253,406.84,1.575,75.127,190.517,92.522,190.517,0.33,123.6,,,0.00,0.00,0.00
254,408.41,1.581,76.651,190.523,92.126,190.523,0.39,127.1,,,0.00,0.00,0.00
255,409.99,1.588,78.185,190.530,91.747,190.530,0.40,131.9,,,0.00,0.00,0.00
256,411.58,1.597,79.732,190.536,91.385,190.536,0.42,137.3,,,0.00,0.00,0.00
257,413.18,1.606,81.291,190.543,91.039,190.543,0.44,143.1,,,0.00,0.00,0.00
258,414.78,1.615,82.862,190.550,90.709,190.550,0.44,148.7,,,0.00,0.00,0.00
259,416.40,1.626,84.446,190.557,90.394,190.557,0.42,154.7,,,0.00,0.00,0.00
260,418.03,1.637,86.043,190.564,90.094,190.564,0.40,161.7,,,0.00,0.00,0.00
261,419.66,1.648,87.655,190.571,89.808,190.571,0.40,168.9,,,0.00,0.00,0.00
262,421.31,1.509,89.280,190.577,89.536,190.577,0.43,176.3,,,0.00,0.00,0.00
263,422.82,1.520,90.771,190.583,89.300,190.583,0.40,183.9,,,0.00,0.00,0.00
264,424.34,1.530,92.274,190.589,89.075,190.589,0.40,191.8,,,0.00,0.00,0.00
265,425.87,1.541,93.789,190.595,88.861,190.595,0.40,199.7,,,0.00,0.00,0.00
266,427.41,1.552,95.316,190.601,88.657,190.601,0.39,207.2,,,0.00,0.00,0.00
267,428.96,1.562,96.856,190.607,88.463,190.607,0.39,214.5,,,0.00,0.00,0.00
268,430.52,1.573,98.407,190.614,88.278,190.614,0.38,221.9,,,0.00,0.00,0.00
269,432.10,1.583,99.970,190.620,88.104,190.620,0.38,229.2,,,0.00,0.00,0.00
270,433.68,1.594,101.544,190.626,87.939,190.626,0.39,236.8,,,0.00,0.00,0.00
271,435.27,1.604,103.130,190.632,87.784,190.632,0.39,243.7,,,0.00,0.00,0.00
272,436.88,1.615,104.728,190.638,87.638,190.638,0.39,250.6,,,0.00,0.00,0.00
273,438.49,1.625,106.337,190.644,87.501,190.644,0.38,258.3,,,0.00,0.00,0.00
274,440.12,1.635,107.956,190.650,87.374,190.650,0.36,265.7,,,0.00,0.00,0.00
275,441.75,1.645,109.587,190.656,87.256,190.656,0.35,273.2,,,0.00,0.00,0.00
276,443.40,1.656,111.229,190.661,87.148,190.661,0.33,279.6,,,0.00,0.00,0.00
277,445.05,1.666,112.881,190.667,87.048,190.667,0.32,285.1,,,0.00,0.00,0.00
278,446.72,1.508,114.545,190.672,86.957,190.672,0.35,290.6,,,0.00,0.00,0.00
279,448.23,1.516,116.050,190.677,86.883,190.677,0.31,299.6,,,0.00,0.00,0.00
280,449.74,1.523,117.565,190.682,86.816,190.682,0.31,324.0,,,0.00,0.00,0.00
281,451.27,1.525,119.086,190.687,86.757,190.687,0.33,364.2,,,0.00,0.00,0.00
282,452.79,1.518,120.610,190.692,86.705,190.692,0.35,416.2,,,0.00,0.00,0.00
283,454.31,1.504,122.127,190.697,86.660,190.697,0.35,481.2,,,0.00,0.00,0.00
284,455.81,1.653,123.631,190.702,86.621,190.702,0.26,547.2,,,0.00,0.00,0.00
285,457.47,1.633,125.283,190.705,86.583,190.705,0.24,600.6,,,0.00,0.00,0.00
286,459.10,1.613,126.916,190.709,86.549,190.709,0.21,637.8,,,0.00,0.00,0.00
287,460.71,1.592,128.529,190.712,86.519,190.712,0.20,654.4,,,0.00,0.00,0.00
288,462.30,1.572,130.121,190.715,86.493,190.715,0.22,648.5,,,0.00,0.00,0.00
289,463.88,1.552,131.693,190.719,86.470,190.719,0.24,619.3,,,0.00,0.00,0.00
290,465.43,1.534,133.245,190.723,86.452,190.723,0.24,566.8,,,0.00,0.00,0.00
291,466.96,1.515,134.778,190.726,86.439,190.726,0.18,503.5,,,0.00,0.00,0.00
292,468.48,1.644,136.293,190.727,86.430,190.727,0.11,445.6,,,0.00,0.00,0.00
293,470.12,1.621,137.937,190.728,86.426,190.728,0.06,395.5,,,0.00,0.00,0.00
294,471.74,1.598,139.559,190.729,86.428,190.729,0.01,346.5,,,0.00,0.00,0.00
295,473.34,1.574,141.156,190.729,86.439,190.729,0.01,301.9,,,0.00,0.00,0.00
296,474.92,1.551,142.730,190.730,86.459,190.730,0.05,266.1,,,0.00,0.00,0.00
297,476.47,1.529,144.281,190.731,86.489,190.731,0.11,238.8,,,0.00,0.00,0.00
298,478.00,1.507,145.810,190.734,86.528,190.734,0.17,217.8,,,0.00,0.00,0.00
299,479.50,1.620,147.316,190.737,86.578,190.737,0.19,202.2,,,0.00,0.00,0.00
300,481.12,1.595,148.934,190.741,86.644,190.741,0.22,188.7,,,0.00,0.00,0.00
301,482.72,1.570,150.527,190.744,86.722,190.744,0.21,176.2,,,0.00,0.00,0.00
302,484.29,1.546,152.094,190.747,86.813,190.747,0.22,164.0,,,0.00,0.00,0.00
303,485.83,1.521,153.636,190.750,86.918,190.750,0.19,151.7,,,0.00,0.00,0.00
304,487.35,1.620,155.153,190.753,87.036,190.753,0.17,140.3,,,0.00,0.00,0.00
305,488.97,1.592,156.766,190.756,87.181,190.756,0.19,130.9,,,0.00,0.00,0.00
306,490.57,1.564,158.350,190.759,87.343,190.759,0.21,122.1,,,0.00,0.00,0.00
307,492.13,1.536,159.903,190.763,87.522,190.763,0.23,114.3,,,0.00,0.00,0.00
308,493.67,1.509,161.426,190.766,87.720,190.766,0.23,107.4,,,0.00,0.00,0.00
309,495.17,1.595,162.920,190.769,87.935,190.769,0.21,101.2,,,0.00,0.00,0.00
310,496.77,1.563,164.494,190.773,88.187,190.773,0.22,95.5,,,0.00,0.00,0.00
311,498.33,1.533,166.033,190.776,88.460,190.776,0.20,89.6,,,0.00,0.00,0.00
312,499.87,1.503,167.538,190.779,88.753,190.779,0.18,83.7,,,0.00,0.00,0.00
313,501.37,1.580,169.008,190.781,89.067,190.781,0.14,77.4,,,0.00,0.00,0.00
314,502.95,1.553,170.546,190.783,89.427,190.783,0.10,71.4,,,0.00,0.00,0.00
315,504.50,1.531,172.050,190.783,89.813,190.783,0.04,66.0,,,0.00,0.00,0.00
316,506.03,1.517,173.522,190.783,90.230,190.783,-0.04,61.3,,,0.00,0.00,0.00
317,507.55,1.511,174.970,190.781,90.682,190.781,-0.12,57.7,,,0.00,0.00,0.00
318,509.06,1.507,176.399,190.778,91.173,190.778,-0.19,55.2,,,0.00,0.00,0.00
319,510.57,1.503,177.810,190.774,91.703,190.774,-0.23,53.8,,,0.00,0.00,0.00
320,512.07,1.598,179.200,190.770,92.272,190.770,-0.26,53.6,,,0.00,0.00,0.00
321,513.67,1.592,180.660,190.764,92.921,190.764,-0.37,53.9,,,0.00,0.00,0.00
322,515.26,1.587,182.095,190.756,93.609,190.756,-0.54,54.2,,,0.00,0.00,0.00
323,516.85,1.584,183.505,190.744,94.336,190.744,-0.74,54.3,,,0.00,0.00,0.00
324,518.43,1.587,184.891,190.728,95.102,190.728,-1.00,54.4,,,0.00,0.00,0.00
325,520.02,1.590,186.258,190.708,95.909,190.708,-1.27,54.2,,,0.00,0.00,0.00
326,521.61,1.590,187.602,190.684,96.757,190.684,-1.51,53.8,,,0.00,0.00,0.00
327,523.20,1.586,188.920,190.657,97.645,190.657,-1.73,52.8,,,0.00,0.00,0.00
328,524.78,1.576,190.208,190.625,98.569,190.625,-1.99,50.9,,,0.00,0.00,0.00
329,526.36,1.563,191.460,190.590,99.524,190.590,-2.25,48.7,,,0.00,0.00,0.00
330,527.92,1.549,192.672,190.552,100.510,190.552,-2.46,46.3,,,0.00,0.00,0.00
331,529.47,1.534,193.842,190.512,101.524,190.512,-2.62,44.3,,,0.00,0.00,0.00
332,531.00,1.519,194.963,190.473,102.570,190.473,-2.54,42.4,,,0.00,0.00,0.00
333,532.52,1.504,196.031,190.439,103.649,190.439,-2.27,41.2,,,0.00,0.00,0.00
334,534.02,1.583,197.043,190.411,104.760,190.411,-1.80,40.3,,,0.00,0.00,0.00
335,535.61,1.567,198.062,190.381,105.970,190.381,-1.89,40.0,,,0.00,0.00,0.00
336,537.17,1.552,199.024,190.350,107.207,190.350,-1.98,39.9,,,0.00,0.00,0.00
337,538.73,1.538,199.930,190.314,108.467,190.314,-2.37,39.8,,,0.00,0.00,0.00
338,540.26,1.522,200.782,190.272,109.746,190.272,-2.77,39.0,,,0.00,0.00,0.00
339,541.79,1.507,201.577,190.225,111.043,190.225,-3.11,38.1,,,0.00,0.00,0.00
340,543.29,1.578,202.312,190.176,112.357,190.176,-3.12,37.1,,,0.00,0.00,0.00
341,544.87,1.565,203.021,190.122,113.765,190.122,-3.46,36.4,,,0.00,0.00,0.00
342,546.44,1.568,203.660,190.069,115.193,190.069,-3.36,36.7,,,0.00,0.00,0.00
343,548.00,1.575,204.232,190.017,116.651,190.017,-3.27,37.4,,,0.00,0.00,0.00
344,549.58,1.579,204.741,189.967,118.140,189.967,-3.22,37.8,,,0.00,0.00,0.00
345,551.16,1.585,205.189,189.914,119.654,189.914,-3.30,38.2,,,0.00,0.00,0.00
346,552.74,1.587,205.581,189.858,121.188,189.858,-3.54,38.8,,,0.00,0.00,0.00
347,554.33,1.584,205.917,189.800,122.738,189.800,-3.66,39.2,,,0.00,0.00,0.00
348,555.91,1.574,206.189,189.745,124.298,189.745,-3.47,38.6,,,0.00,0.00,0.00
349,557.49,1.560,206.392,189.698,125.857,189.698,-3.05,36.9,,,0.00,0.00,0.00
350,559.05,1.546,206.530,189.652,127.410,189.652,-2.93,35.3,,,0.00,0.00,0.00
351,560.59,1.534,206.603,189.605,128.953,189.605,-3.07,34.3,,,0.00,0.00,0.00
352,562.13,1.527,206.606,189.558,130.485,189.558,-3.09,33.7,,,0.00,0.00,0.00
353,563.65,1.524,206.532,189.515,132.009,189.515,-2.85,33.1,,,0.00,0.00,0.00
354,565.18,1.521,206.385,189.472,133.525,189.472,-2.83,32.4,,,0.00,0.00,0.00
355,566.70,1.518,206.167,189.428,135.030,189.428,-2.85,32.4,,,0.00,0.00,0.00
356,568.22,1.515,205.878,189.384,136.520,189.384,-2.94,33.2,,,0.00,0.00,0.00
357,569.73,1.516,205.523,189.337,137.992,189.337,-3.10,34.1,,,0.00,0.00,0.00
358,571.25,1.519,205.101,189.290,139.447,189.290,-3.12,35.0,,,0.00,0.00,0.00
359,572.77,1.522,204.615,189.243,140.884,189.243,-3.06,35.8,,,0.00,0.00,0.00
360,574.29,1.525,204.066,189.198,142.302,189.198,-2.98,36.1,,,0.00,0.00,0.00
361,575.81,1.525,203.459,189.152,143.700,189.152,-2.96,36.3,,,0.00,0.00,0.00
362,577.34,1.522,202.798,189.107,145.073,189.107,-2.96,36.2,,,0.00,0.00,0.00
363,578.86,1.519,202.083,189.062,146.415,189.062,-2.97,35.7,,,0.00,0.00,0.00
364,580.38,1.518,201.313,189.019,147.723,189.019,-2.87,35.0,,,0.00,0.00,0.00
365,581.90,1.520,200.487,188.976,148.996,188.976,-2.79,34.4,,,0.00,0.00,0.00
366,583.42,1.523,199.603,188.935,150.232,188.935,-2.71,34.0,,,0.00,0.00,0.00
367,584.94,1.525,198.660,188.897,151.426,188.897,-2.49,33.8,,,0.00,0.00,0.00
368,586.47,1.528,197.661,188.860,152.578,188.860,-2.40,33.9,,,0.00,0.00,0.00
369,587.99,1.532,196.610,188.824,153.686,188.824,-2.40,34.5,,,0.00,0.00,0.00
370,589.53,1.540,195.508,188.787,154.749,188.787,-2.37,35.9,,,0.00,0.00,0.00
371,591.07,1.548,194.354,188.753,155.767,188.753,-2.20,37.8,,,0.00,0.00,0.00
372,592.61,1.559,193.150,188.722,156.739,188.722,-1.96,40.0,,,0.00,0.00,0.00
373,594.17,1.570,191.899,188.695,157.667,188.695,-1.72,42.4,,,0.00,0.00,0.00
374,595.74,1.583,190.604,188.670,158.555,188.670,-1.60,45.2,,,0.00,0.00,0.00
375,597.32,1.507,189.269,188.645,159.405,188.645,-1.66,48.1,,,0.00,0.00,0.00
376,598.83,1.520,187.974,188.621,160.174,188.621,-1.55,51.2,,,0.00,0.00,0.00
377,600.35,1.538,186.645,188.598,160.912,188.598,-1.49,53.5,,,0.00,0.00,0.00
378,601.89,1.559,185.280,188.576,161.619,188.576,-1.41,55.0,,,0.00,0.00,0.00
379,603.45,1.582,183.876,188.555,162.298,188.555,-1.35,56.4,,,0.00,0.00,0.00
380,605.03,1.514,182.434,188.534,162.948,188.534,-1.41,58.1,,,0.00,0.00,0.00
381,606.55,1.534,181.039,188.514,163.534,188.514,-1.27,59.7,,,0.00,0.00,0.00
382,608.08,1.556,179.609,188.497,164.089,188.497,-1.15,61.4,,,0.00,0.00,0.00
383,609.63,1.577,178.145,188.479,164.614,188.479,-1.09,62.9,,,0.00,0.00,0.00
384,611.21,1.599,176.648,188.461,165.110,188.461,-1.12,65.1,,,0.00,0.00,0.00
385,612.81,1.518,175.119,188.443,165.575,188.443,-1.21,67.2,,,0.00,0.00,0.00
386,614.33,1.537,173.658,188.424,165.983,188.424,-1.24,69.3,,,0.00,0.00,0.00
387,615.86,1.556,172.169,188.403,166.364,188.403,-1.33,70.0,,,0.00,0.00,0.00
388,617.42,1.575,170.654,188.380,166.718,188.380,-1.50,70.5,,,0.00,0.00,0.00
389,619.00,1.594,169.113,188.354,167.042,188.354,-1.62,71.5,,,0.00,0.00,0.00
390,620.59,1.507,167.548,188.325,167.337,188.325,-1.89,73.6,,,0.00,0.00,0.00
391,622.10,1.523,166.062,188.300,167.582,188.300,-1.67,76.2,,,0.00,0.00,0.00
392,623.62,1.541,164.554,188.275,167.797,188.275,-1.60,78.6,,,0.00,0.00,0.00
393,625.16,1.558,163.025,188.250,167.983,188.250,-1.64,79.5,,,0.00,0.00,0.00
394,626.72,1.576,161.475,188.221,168.142,188.221,-1.82,80.0,,,0.00,0.00,0.00
395,628.29,1.593,159.905,188.188,168.276,188.188,-2.10,79.8,,,0.00,0.00,0.00
396,629.89,1.611,158.316,188.151,168.384,188.151,-2.30,78.9,,,0.00,0.00,0.00
397,631.50,1.513,156.708,188.113,168.461,188.113,-2.51,77.3,,,0.00,0.00,0.00
398,633.01,1.529,155.195,188.080,168.500,188.080,-2.10,75.8,,,0.00,0.00,0.00
399,634.54,1.544,153.667,188.053,168.505,188.053,-1.78,75.1,,,0.00,0.00,0.00
400,636.08,1.558,152.124,188.030,168.475,188.030,-1.49,76.2,,,0.00,0.00,0.00
401,637.64,1.572,150.568,188.010,168.412,188.010,-1.26,80.4,,,0.00,0.00,0.00
402,639.21,1.588,148.999,187.992,168.318,187.992,-1.15,85.6,,,0.00,0.00,0.00
403,640.80,1.603,147.416,187.975,168.193,187.975,-1.03,91.1,,,0.00,0.00,0.00
404,642.41,1.617,145.821,187.960,168.038,187.960,-0.93,96.3,,,0.00,0.00,0.00
405,644.02,1.507,144.214,187.944,167.857,187.944,-1.05,102.2,,,0.00,0.00,0.00
406,645.53,1.521,142.719,187.930,167.665,187.930,-0.93,109.3,,,0.00,0.00,0.00
407,647.05,1.535,141.214,187.917,167.450,187.917,-0.87,117.7,,,0.00,0.00,0.00
408,648.59,1.550,139.698,187.905,167.211,187.905,-0.76,124.3,,,0.00,0.00,0.00
409,650.14,1.565,138.170,187.894,166.951,187.894,-0.72,130.5,,,0.00,0.00,0.00
410,651.70,1.581,136.630,187.882,166.671,187.882,-0.72,135.7,,,0.00,0.00,0.00
411,653.28,1.598,135.077,187.870,166.371,187.870,-0.76,140.7,,,0.00,0.00,0.00
412,654.88,1.614,133.512,187.858,166.051,187.858,-0.77,144.6,,,0.00,0.00,0.00
413,656.49,1.631,131.934,187.845,165.711,187.845,-0.76,147.4,,,0.00,0.00,0.00
414,658.13,1.509,130.344,187.834,165.349,187.834,-0.77,149.6,,,0.00,0.00,0.00
415,659.63,1.522,128.877,187.824,164.998,187.824,-0.66,152.6,,,0.00,0.00,0.00
416,661.16,1.535,127.401,187.814,164.629,187.814,-0.65,155.2,,,0.00,0.00,0.00
417,662.69,1.548,125.915,187.804,164.241,187.804,-0.64,159.1,,,0.00,0.00,0.00
418,664.24,1.561,124.421,187.793,163.837,187.793,-0.68,162.4,,,0.00,0.00,0.00
419,665.80,1.574,122.919,187.782,163.416,187.782,-0.72,166.3,,,0.00,0.00,0.00
420,667.37,1.587,121.407,187.771,162.976,187.771,-0.70,170.8,,,0.00,0.00,0.00
421,668.96,1.601,119.888,187.760,162.518,187.760,-0.69,177.5,,,0.00,0.00,0.00
422,670.56,1.614,118.359,187.749,162.043,187.749,-0.63,186.7,,,0.00,0.00,0.00
423,672.18,1.628,116.822,187.740,161.549,187.740,-0.60,198.8,,,0.00,0.00,0.00
424,673.80,1.640,115.277,187.730,161.037,187.730,-0.57,214.3,,,0.00,0.00,0.00
425,675.44,1.502,113.725,187.721,160.510,187.721,-0.65,236.9,,,0.00,0.00,0.00
426,676.95,1.514,112.306,187.711,160.017,187.711,-0.63,267.7,,,0.00,0.00,0.00
427,678.46,1.525,110.879,187.702,159.512,187.702,-0.62,309.1,,,0.00,0.00,0.00
428,679.99,1.536,109.444,187.692,158.995,187.692,-0.60,409.9,,,0.00,0.00,0.00
429,681.52,1.544,108.001,187.683,158.467,187.683,-0.59,662.4,,,0.00,0.00,0.00
430,683.07,1.541,106.553,187.675,157.932,187.675,-0.57,912.4,,,0.00,0.00,0.00
431,684.61,1.525,105.110,187.667,157.392,187.667,-0.53,1158.3,,,0.00,0.00,0.00
432,686.13,1.506,103.682,187.659,156.856,187.659,-0.53,1318.5,,,0.00,0.00,0.00
433,687.64,1.632,102.273,187.650,156.326,187.650,-0.52,1411.4,,,0.00,0.00,0.00
434,689.27,1.604,100.746,187.641,155.752,187.641,-0.59,1457.9,,,0.00,0.00,0.00
435,690.87,1.576,99.243,187.632,155.188,187.632,-0.56,1424.4,,,0.00,0.00,0.00
436,692.45,1.547,97.768,187.625,154.637,187.625,-0.45,1224.1,,,0.00,0.00,0.00
437,694.00,1.520,96.318,187.619,154.097,187.619,-0.37,1025.3,,,0.00,0.00,0.00
438,695.52,1.630,94.892,187.614,153.570,187.614,-0.33,842.2,,,0.00,0.00,0.00
439,697.15,1.600,93.363,187.607,153.008,187.607,-0.42,753.7,,,0.00,0.00,0.00
440,698.75,1.571,91.859,187.600,152.460,187.600,-0.47,726.3,,,0.00,0.00,0.00
441,700.32,1.544,90.382,187.593,151.926,187.593,-0.46,734.6,,,0.00,0.00,0.00
442,701.86,1.518,88.928,187.586,151.404,187.586,-0.46,757.4,,,0.00,0.00,0.00
443,703.38,1.614,87.499,187.579,150.894,187.579,-0.41,780.2,,,0.00,0.00,0.00
444,704.99,1.583,85.978,187.573,150.355,187.573,-0.41,791.0,,,0.00,0.00,0.00
445,706.58,1.551,84.485,187.567,149.828,187.567,-0.37,779.4,,,0.00,0.00,0.00
446,708.13,1.519,83.021,187.562,149.315,187.562,-0.33,743.7,,,0.00,0.00,0.00
447,709.65,1.601,81.586,187.558,148.816,187.558,-0.24,695.4,,,0.00,0.00,0.00
448,711.25,1.565,80.073,187.555,148.292,187.555,-0.20,637.9,,,0.00,0.00,0.00
449,712.81,1.529,78.593,187.553,147.785,187.553,-0.15,570.0,,,0.00,0.00,0.00
450,714.34,1.601,77.145,187.551,147.293,187.551,-0.09,503.7,,,0.00,0.00,0.00
451,715.94,1.566,75.628,187.551,146.782,187.551,-0.02,442.1,,,0.00,0.00,0.00
452,717.51,1.540,74.142,187.553,146.288,187.553,0.14,383.4,,,0.00,0.00,0.00
453,719.05,1.518,72.679,187.558,145.808,187.558,0.34,325.9,,,0.00,0.00,0.00
454,720.57,1.598,71.234,187.568,145.342,187.568,0.59,270.7,,,0.00,0.00,0.00
455,722.17,1.578,69.710,187.583,144.862,187.583,0.95,218.1,,,0.00,0.00,0.00
456,723.74,1.558,68.202,187.599,144.398,187.599,1.06,175.8,,,0.00,0.00,0.00
457,725.30,1.537,66.710,187.613,143.953,187.613,0.89,141.7,,,0.00,0.00,0.00
458,726.84,1.516,65.231,187.621,143.532,187.621,0.54,112.2,,,0.00,0.00,0.00
459,728.36,1.587,63.766,187.625,143.142,187.625,0.24,85.9,,,0.00,0.00,0.00
460,729.94,1.561,62.224,187.626,142.769,187.626,0.06,66.5,,,0.00,0.00,0.00
461,731.50,1.535,60.697,187.625,142.447,187.625,-0.03,53.8,,,0.00,0.00,0.00
462,733.04,1.508,59.186,187.625,142.179,187.625,-0.05,45.9,,,0.00,0.00,0.00
463,734.55,1.566,57.693,187.622,141.969,187.622,-0.14,41.1,,,0.00,0.00,0.00
464,736.11,1.534,56.135,187.620,141.813,187.620,-0.16,37.8,,,0.00,0.00,0.00
465,737.65,1.501,54.604,187.617,141.724,187.617,-0.16,35.3,,,0.00,0.00,0.00
466,739.15,1.548,53.104,187.616,141.703,187.616,-0.11,33.2,,,0.00,0.00,0.00
467,740.69,1.517,51.557,187.614,141.752,187.614,-0.13,31.8,,,0.00,0.00,0.00
468,742.21,1.507,50.045,187.611,141.874,187.611,-0.20,30.9,,,0.00,0.00,0.00
469,743.72,1.507,48.551,187.607,142.074,187.607,-0.24,30.8,,,0.00,0.00,0.00
470,745.23,1.506,47.070,187.603,142.352,187.603,-0.30,31.1,,,0.00,0.00,0.00
471,746.73,1.505,45.607,187.598,142.706,187.598,-0.34,31.6,,,0.00,0.00,0.00
472,748.24,1.579,44.163,187.592,143.133,187.592,-0.38,32.2,,,0.00,0.00,0.00
473,749.82,1.563,42.672,187.583,143.649,187.583,-0.53,32.5,,,0.00,0.00,0.00
474,751.38,1.542,41.219,187.573,144.223,187.573,-0.65,32.4,,,0.00,0.00,0.00
475,752.92,1.509,39.812,187.563,144.853,187.563,-0.67,31.7,,,0.00,0.00,0.00
476,754.43,1.544,38.465,187.554,145.533,187.554,-0.57,30.2,,,0.00,0.00,0.00
477,755.97,1.502,37.122,187.545,146.296,187.545,-0.60,28.1,,,0.00,0.00,0.00
478,757.48,1.528,35.859,187.536,147.109,187.536,-0.62,25.9,,,0.00,0.00,0.00
479,759.00,1.548,34.626,187.525,148.009,187.525,-0.68,24.0,,,0.00,0.00,0.00
480,760.55,1.562,33.440,187.516,149.003,187.516,-0.60,22.3,,,0.00,0.00,0.00
481,762.11,1.515,32.318,187.508,150.090,187.508,-0.54,20.9,,,0.00,0.00,0.00
482,763.63,1.539,31.314,187.501,151.225,187.501,-0.44,19.6,,,0.00,0.00,0.00
483,765.17,1.559,30.391,187.495,152.454,187.495,-0.40,18.6,,,0.00,0.00,0.00
484,766.73,1.518,29.559,187.489,153.773,187.489,-0.36,17.5,,,0.00,0.00,0.00
485,768.25,1.534,28.861,187.485,155.120,187.485,-0.32,16.6,,,0.00,0.00,0.00
486,769.78,1.545,28.284,187.482,156.540,187.482,-0.17,15.6,,,0.00,0.00,0.00
487,771.32,1.550,27.846,187.480,158.021,187.480,-0.11,14.7,,,0.00,0.00,0.00
488,772.87,1.508,27.571,187.481,159.545,187.481,0.02,14.0,,,0.00,0.00,0.00
489,774.38,1.531,27.476,187.479,161.049,187.479,-0.13,13.5,,,0.00,0.00,0.00
490,775.91,1.520,27.566,187.475,162.576,187.475,-0.23,13.4,,,0.00,0.00,0.00
491,777.43,1.545,27.841,187.473,164.069,187.473,-0.14,13.7,,,0.00,0.00,0.00
492,778.98,1.506,28.290,187.473,165.547,187.473,-0.01,14.3,,,0.00,0.00,0.00
493,780.48,1.526,28.889,187.478,166.928,187.478,0.35,15.1,,,0.00,0.00,0.00
494,782.01,1.549,29.638,187.486,168.257,187.486,0.50,16.5,,,0.00,0.00,0.00
495,783.56,1.531,30.523,187.495,169.528,187.495,0.61,18.4,,,0.00,0.00,0.00
496,785.09,1.512,31.506,187.503,170.701,187.503,0.49,21.3,,,0.00,0.00,0.00
497,786.60,1.559,32.569,187.512,171.775,187.512,0.56,25.4,,,0.00,0.00,0.00
498,788.16,1.548,33.739,187.519,172.805,187.519,0.49,30.2,,,0.00,0.00,0.00
499,789.71,1.534,34.959,187.527,173.758,187.527,0.53,35.4,,,0.00,0.00,0.00
500,791.24,1.515,36.209,187.535,174.646,187.535,0.53,40.5,,,0.00,0.00,0.00
501,792.76,1.557,37.474,187.544,175.479,187.544,0.54,45.0,,,0.00,0.00,0.00
502,794.31,1.532,38.800,187.553,176.295,187.553,0.59,49.2,,,0.00,0.00,0.00
503,795.85,1.502,40.126,187.561,177.059,187.561,0.55,52.8,,,0.00,0.00,0.00
504,797.35,1.539,41.448,187.568,177.773,187.568,0.46,55.4,,,0.00,0.00,0.00
505,798.89,1.504,42.823,187.575,178.464,187.575,0.47,57.4,,,0.00,0.00,0.00
506,800.39,1.539,44.183,187.581,179.104,187.581,0.40,59.2,,,0.00,0.00,0.00
507,801.93,1.574,45.592,187.587,179.722,187.587,0.33,61.0,,,0.00,0.00,0.00
508,803.50,1.533,47.050,187.591,180.318,187.591,0.32,62.8,,,0.00,0.00,0.00
509,805.04,1.567,48.482,187.595,180.864,187.595,0.24,64.6,,,0.00,0.00,0.00
510,806.60,1.520,49.959,187.598,181.387,187.598,0.19,66.3,,,0.00,0.00,0.00
511,808.12,1.550,51.403,187.600,181.861,187.600,0.15,68.3,,,0.00,0.00,0.00
512,809.67,1.580,52.886,187.603,182.310,187.603,0.14,71.0,,,0.00,0.00,0.00
513,811.25,1.525,54.408,187.605,182.734,187.605,0.15,74.3,,,0.00,0.00,0.00
514,812.78,1.553,55.886,187.607,183.110,187.607,0.16,79.5,,,0.00,0.00,0.00
515,814.33,1.582,57.398,187.610,183.463,187.610,0.15,86.9,,,0.00,0.00,0.00
516,815.91,1.524,58.945,187.612,183.793,187.612,0.16,94.5,,,0.00,0.00,0.00
517,817.44,1.557,60.440,187.615,184.085,187.615,0.17,103.3,,,0.00,0.00,0.00
518,818.99,1.592,61.972,187.617,184.360,187.617,0.16,112.7,,,0.00,0.00,0.00
519,820.59,1.531,63.543,187.619,184.621,187.619,0.10,122.9,,,0.00,0.00,0.00
520,822.12,1.562,65.056,187.620,184.852,187.620,0.08,138.5,,,0.00,0.00,0.00
521,823.68,1.595,66.603,187.621,185.070,187.621,0.07,162.9,,,0.00,0.00,0.00
522,825.27,1.524,68.184,187.624,185.275,187.624,0.20,203.9,,,0.00,0.00,0.00
523,826.80,1.552,69.697,187.630,185.456,187.630,0.36,266.9,,,0.00,0.00,0.00
524,828.35,1.578,71.239,187.636,185.627,187.636,0.42,453.3,,,0.00,0.00,0.00
525,829.93,1.607,72.809,187.644,185.793,187.644,0.45,718.8,,,0.00,0.00,0.00
526,831.53,1.525,74.407,187.651,185.956,187.651,0.50,871.1,,,0.00,0.00,0.00
527,833.06,1.549,75.925,187.660,186.106,187.660,0.56,951.3,,,0.00,0.00,0.00
528,834.61,1.571,77.466,187.669,186.257,187.669,0.57,999.3,,,0.00,0.00,0.00
529,836.18,1.596,79.030,187.677,186.410,187.677,0.53,1022.7,,,0.00,0.00,0.00
530,837.78,1.504,80.617,187.686,186.567,187.686,0.55,1018.1,,,0.00,0.00,0.00
531,839.28,1.523,82.113,187.694,186.719,187.694,0.56,894.3,,,0.00,0.00,0.00
532,840.80,1.543,83.628,187.703,186.876,187.703,0.59,701.2,,,0.00,0.00,0.00
533,842.35,1.564,85.163,187.712,187.040,187.712,0.56,654.1,,,0.00,0.00,0.00
534,843.91,1.584,86.717,187.721,187.210,187.721,0.59,723.4,,,0.00,0.00,0.00
535,845.49,1.604,88.291,187.731,187.387,187.731,0.59,922.0,,,0.00,0.00,0.00
536,847.10,1.624,89.884,187.740,187.570,187.740,0.58,1126.4,,,0.00,0.00,0.00
537,848.72,1.517,91.497,187.750,187.758,187.750,0.64,1336.3,,,0.00,0.00,0.00
538,850.24,1.534,93.004,187.759,187.936,187.759,0.57,1455.3,,,0.00,0.00,0.00
539,851.77,1.551,94.527,187.768,188.117,187.768,0.57,1499.5,,,0.00,0.00,0.00
540,853.32,1.568,96.066,187.777,188.299,187.777,0.58,1480.6,,,0.00,0.00,0.00
541,854.89,1.585,97.624,187.786,188.483,187.786,0.59,1393.3,,,0.00,0.00,0.00
542,856.48,1.601,99.198,187.796,188.668,187.796,0.61,1191.9,,,0.00,0.00,0.00
543,858.08,1.618,100.788,187.806,188.851,187.806,0.59,982.6,,,0.00,0.00,0.00
544,859.70,1.635,102.396,187.815,189.033,187.815,0.57,776.7,,,0.00,0.00,0.00
545,861.33,1.513,104.020,187.825,189.213,187.825,0.65,652.0,,,0.00,0.00,0.00
546,862.84,1.527,105.525,187.834,189.376,187.834,0.61,597.1,,,0.00,0.00,0.00
547,864.37,1.541,107.043,187.844,189.535,187.844,0.63,570.6,,,0.00,0.00,0.00
548,865.91,1.555,108.576,187.853,189.692,187.853,0.61,571.8,,,0.00,0.00,0.00
549,867.47,1.568,110.123,187.863,189.846,187.863,0.63,593.4,,,0.00,0.00,0.00
550,869.03,1.582,111.683,187.873,189.996,187.873,0.61,623.0,,,0.00,0.00,0.00
551,870.62,1.595,113.258,187.883,190.144,187.883,0.63,660.7,,,0.00,0.00,0.00
552,872.21,1.608,114.846,187.892,190.289,187.892,0.58,738.1,,,0.00,0.00,0.00
553,873.82,1.623,116.448,187.901,190.432,187.901,0.55,866.8,,,0.00,0.00,0.00
554,875.44,1.636,118.064,187.911,190.573,187.911,0.62,1070.7,,,0.00,0.00,0.00
555,877.08,1.649,119.695,187.923,190.711,187.923,0.70,1264.6,,,0.00,0.00,0.00
556,878.73,1.512,121.338,187.935,190.848,187.935,0.81,1444.4,,,0.00,0.00,0.00
557,880.24,1.521,122.845,187.946,190.972,187.946,0.74,1624.1,,,0.00,0.00,0.00
558,881.76,1.532,124.361,187.958,191.096,187.958,0.74,1792.3,,,0.00,0.00,0.00
559,883.29,1.544,125.888,187.968,191.221,187.968,0.65,1924.8,,,0.00,0.00,0.00
560,884.84,1.555,127.426,187.978,191.346,187.978,0.68,2000.0,,,0.00,0.00,0.00
561,886.39,1.566,128.976,187.989,191.472,187.989,0.68,1998.0,,,0.00,0.00,0.00
562,887.96,1.577,130.536,188.000,191.600,188.000,0.71,1992.9,,,0.00,0.00,0.00
563,889.53,1.589,132.108,188.013,191.730,188.013,0.79,1992.9,,,0.00,0.00,0.00
564,891.12,1.599,133.691,188.026,191.862,188.026,0.84,1990.8,,,0.00,0.00,0.00
565,892.72,1.609,135.284,188.041,191.996,188.041,0.91,1990.8,,,0.00,0.00,0.00
566,894.33,1.612,136.887,188.055,192.132,188.055,0.88,1990.8,,,0.00,0.00,0.00
567,895.94,1.602,138.494,188.069,192.270,188.069,0.90,1990.8,,,0.00,0.00,0.00
568,897.55,1.583,140.089,188.084,192.408,188.084,0.92,1992.8,,,0.00,0.00,0.00
569,899.13,1.561,141.666,188.099,192.545,188.099,0.98,1997.9,,,0.00,0.00,0.00
570,900.69,1.537,143.221,188.115,192.681,188.115,1.03,1997.9,,,0.00,0.00,0.00
571,902.23,1.515,144.752,188.133,192.815,188.133,1.16,2000.0,,,0.00,0.00,0.00
572,903.74,1.644,146.261,188.151,192.946,188.151,1.14,1938.1,,,0.00,0.00,0.00
573,905.39,1.618,147.898,188.173,193.088,188.173,1.31,1804.9,,,0.00,0.00,0.00
574,907.00,1.592,149.510,188.195,193.228,188.195,1.40,1640.7,,,0.00,0.00,0.00
575,908.60,1.566,151.096,188.218,193.364,188.218,1.45,1449.1,,,0.00,0.00,0.00
576,910.16,1.541,152.656,188.241,193.497,188.241,1.52,1232.0,,,0.00,0.00,0.00
577,911.70,1.517,154.192,188.265,193.625,188.265,1.57,993.1,,,0.00,0.00,0.00
578,913.22,1.627,155.703,188.289,193.748,188.289,1.48,742.0,,,0.00,0.00,0.00
579,914.85,1.599,157.325,188.315,193.877,188.315,1.63,545.7,,,0.00,0.00,0.00
580,916.45,1.572,158.919,188.341,193.998,188.341,1.66,416.4,,,0.00,0.00,0.00
581,918.02,1.548,160.486,188.368,194.109,188.368,1.71,313.9,,,0.00,0.00,0.00
582,919.57,1.525,162.031,188.394,194.209,188.394,1.74,236.0,,,0.00,0.00,0.00
583,921.09,1.505,163.553,188.421,194.295,188.421,1.78,181.4,,,0.00,0.00,0.00
584,922.60,1.610,165.056,188.447,194.366,188.447,1.65,147.7,,,0.00,0.00,0.00
585,924.21,1.590,166.664,188.476,194.423,188.476,1.82,125.3,,,0.00,0.00,0.00
586,925.80,1.570,168.253,188.505,194.457,188.505,1.83,109.8,,,0.00,0.00,0.00
587,927.37,1.551,169.823,188.534,194.465,188.534,1.89,97.2,,,0.00,0.00,0.00
588,928.92,1.531,171.373,188.564,194.447,188.564,1.92,88.0,,,0.00,0.00,0.00
589,930.45,1.512,172.903,188.593,194.402,188.593,1.90,80.6,,,0.00,0.00,0.00
590,931.96,1.607,174.413,188.619,194.329,188.619,1.67,75.3,,,0.00,0.00,0.00
591,933.57,1.592,176.016,188.647,194.219,188.647,1.73,70.3,,,0.00,0.00,0.00
592,935.16,1.578,177.601,188.672,194.072,188.672,1.60,66.2,,,0.00,0.00,0.00
593,936.74,1.564,179.168,188.697,193.887,188.697,1.58,62.0,,,0.00,0.00,0.00
594,938.30,1.550,180.716,188.721,193.664,188.721,1.54,59.0,,,0.00,0.00,0.00
595,939.85,1.536,182.243,188.745,193.400,188.745,1.58,56.8,,,0.00,0.00,0.00
596,941.39,1.522,183.749,188.769,193.098,188.769,1.58,55.7,,,0.00,0.00,0.00
597,942.91,1.511,185.232,188.793,192.756,188.793,1.60,54.9,,,0.00,0.00,0.00
598,944.42,1.507,186.694,188.817,192.376,188.817,1.59,54.8,,,0.00,0.00,0.00
599,945.93,1.507,188.141,188.841,191.956,188.841,1.58,54.7,,,0.00,0.00,0.00
600,947.43,1.510,189.575,188.864,191.496,188.864,1.52,55.0,,,0.00,0.00,0.00
601,948.95,1.514,191.000,188.886,190.995,188.886,1.47,56.0,,,0.00,0.00,0.00
602,950.46,1.518,192.414,188.908,190.455,188.908,1.44,57.4,,,0.00,0.00,0.00
603,951.98,1.523,193.816,188.930,189.875,188.930,1.42,59.2,,,0.00,0.00,0.00
604,953.50,1.529,195.207,188.951,189.256,188.951,1.38,61.9,,,0.00,0.00,0.00
605,955.03,1.537,196.588,188.972,188.600,188.972,1.35,64.7,,,0.00,0.00,0.00
606,956.57,1.544,197.959,188.992,187.906,188.992,1.32,67.2,,,0.00,0.00,0.00
607,958.11,1.552,199.320,189.011,187.178,189.011,1.22,68.8,,,0.00,0.00,0.00
608,959.66,1.559,200.673,189.027,186.418,189.027,1.04,69.6,,,0.00,0.00,0.00
609,961.22,1.564,202.016,189.042,185.626,189.042,0.91,70.4,,,0.00,0.00,0.00
610,962.79,1.563,203.346,189.055,184.803,189.055,0.84,69.6,,,0.00,0.00,0.00
611,964.35,1.554,204.656,189.069,183.951,189.069,0.91,67.6,,,0.00,0.00,0.00
612,965.90,1.543,205.937,189.085,183.073,189.085,1.05,64.9,,,0.00,0.00,0.00
613,967.45,1.530,207.190,189.102,182.173,189.102,1.08,62.9,,,0.00,0.00,0.00
614,968.98,1.521,208.410,189.119,181.249,189.119,1.17,61.3,,,0.00,0.00,0.00
615,970.50,1.517,209.599,189.138,180.301,189.138,1.26,60.3,,,0.00,0.00,0.00
616,972.01,1.516,210.758,189.159,179.323,189.159,1.32,59.0,,,0.00,0.00,0.00
617,973.53,1.516,211.892,189.178,178.317,189.178,1.26,57.7,,,0.00,0.00,0.00
618,975.05,1.514,212.998,189.196,177.282,189.196,1.21,57.1,,,0.00,0.00,0.00
619,976.56,1.514,214.077,189.212,176.219,189.212,1.06,57.1,,,0.00,0.00,0.00
620,978.07,1.513,215.127,189.226,175.129,189.226,0.93,57.1,,,0.00,0.00,0.00
621,979.59,1.512,216.145,189.241,174.011,189.241,0.98,57.8,,,0.00,0.00,0.00
622,981.10,1.514,217.132,189.256,172.866,189.256,0.98,58.4,,,0.00,0.00,0.00
623,982.61,1.518,218.089,189.271,171.693,189.271,0.99,58.8,,,0.00,0.00,0.00
624,984.13,1.523,219.019,189.285,170.493,189.285,0.95,60.0,,,0.00,0.00,0.00
625,985.65,1.529,219.922,189.298,169.266,189.298,0.86,61.1,,,0.00,0.00,0.00
626,987.18,1.534,220.798,189.311,168.013,189.311,0.79,62.4,,,0.00,0.00,0.00
627,988.72,1.540,221.646,189.323,166.735,189.323,0.83,63.5,,,0.00,0.00,0.00
628,990.26,1.546,222.465,189.338,165.431,189.338,0.91,64.5,,,0.00,0.00,0.00
629,991.80,1.553,223.255,189.354,164.102,189.354,1.04,65.8,,,0.00,0.00,0.00
630,993.36,1.561,224.016,189.372,162.749,189.372,1.15,67.9,,,0.00,0.00,0.00
631,994.92,1.568,224.750,189.391,161.371,189.391,1.27,70.5,,,0.00,0.00,0.00
632,996.49,1.576,225.455,189.413,159.971,189.413,1.35,73.4,,,0.00,0.00,0.00
633,998.06,1.584,226.134,189.435,158.549,189.435,1.41,77.0,,,0.00,0.00,0.00
634,999.65,1.593,226.786,189.458,157.105,189.458,1.44,81.7,,,0.00,0.00,0.00
635,1001.24,1.602,227.412,189.481,155.641,189.481,1.45,88.2,,,0.00,0.00,0.00
636,1002.84,1.612,228.014,189.505,154.157,189.505,1.47,96.3,,,0.00,0.00,0.00
637,1004.45,1.509,228.594,189.529,152.653,189.529,1.61,107.4,,,0.00,0.00,0.00
638,1005.96,1.523,229.114,189.553,151.237,189.553,1.52,124.9,,,0.00,0.00,0.00
639,1007.49,1.538,229.620,189.576,149.801,189.576,1.55,155.7,,,0.00,0.00,0.00
640,1009.02,1.554,230.113,189.601,148.345,189.601,1.60,243.2,,,0.00,0.00,0.00
641,1010.58,1.570,230.597,189.627,146.869,189.627,1.65,436.7,,,0.00,0.00,0.00
642,1012.15,1.587,231.075,189.654,145.373,189.654,1.71,470.0,,,0.00,0.00,0.00
643,1013.73,1.603,231.549,189.683,143.859,189.683,1.79,479.5,,,0.00,0.00,0.00
644,1015.34,1.618,232.026,189.713,142.329,189.713,1.84,477.9,,,0.00,0.00,0.00
645,1016.96,1.502,232.508,189.744,140.785,189.744,2.05,465.6,,,0.00,0.00,0.00
646,1018.46,1.504,232.962,189.773,139.354,189.773,1.95,436.7,,,0.00,0.00,0.00
647,1019.96,1.624,233.427,189.803,137.925,189.803,1.85,348.2,,,0.00,0.00,0.00
648,1021.59,1.615,233.947,189.836,136.387,189.836,2.03,151.3,,,0.00,0.00,0.00
649,1023.20,1.605,234.485,189.869,134.864,189.869,2.03,112.1,,,0.00,0.00,0.00
650,1024.80,1.597,235.044,189.902,133.361,189.902,2.07,94.4,,,0.00,0.00,0.00
651,1026.40,1.594,235.630,189.936,131.876,189.936,2.15,83.5,,,0.00,0.00,0.00
652,1028.00,1.592,236.245,189.972,130.406,189.972,2.24,76.4,,,0.00,0.00,0.00
653,1029.59,1.590,236.891,190.008,128.951,190.008,2.27,72.3,,,0.00,0.00,0.00
654,1031.18,1.588,237.569,190.044,127.514,190.044,2.28,70.1,,,0.00,0.00,0.00
655,1032.77,1.585,238.279,190.081,126.094,190.081,2.34,68.9,,,0.00,0.00,0.00
656,1034.35,1.579,239.022,190.119,124.695,190.119,2.41,67.6,,,0.00,0.00,0.00
657,1035.93,1.567,239.794,190.157,123.319,190.157,2.42,66.5,,,0.00,0.00,0.00
658,1037.50,1.554,240.592,190.195,121.970,190.195,2.42,65.9,,,0.00,0.00,0.00
659,1039.05,1.541,241.413,190.232,120.652,190.232,2.43,65.4,,,0.00,0.00,0.00
660,1040.59,1.527,242.259,190.270,119.365,190.270,2.51,64.7,,,0.00,0.00,0.00
661,1042.12,1.515,243.128,190.310,118.109,190.310,2.60,63.6,,,0.00,0.00,0.00
662,1043.63,1.502,244.019,190.350,116.886,190.350,2.66,63.1,,,0.00,0.00,0.00
663,1045.14,1.605,244.932,190.390,115.694,190.390,2.49,63.1,,,0.00,0.00,0.00
664,1046.74,1.599,245.939,190.432,114.444,190.432,2.67,63.0,,,0.00,0.00,0.00
665,1048.34,1.603,246.974,190.475,113.226,190.475,2.65,62.8,,,0.00,0.00,0.00
666,1049.94,1.609,248.042,190.517,112.031,190.517,2.63,62.6,,,0.00,0.00,0.00
667,1051.55,1.612,249.143,190.559,110.859,190.559,2.62,63.5,,,0.00,0.00,0.00
668,1053.17,1.616,250.277,190.603,109.714,190.603,2.68,65.7,,,0.00,0.00,0.00
669,1054.78,1.504,251.443,190.648,108.596,190.648,3.02,68.6,,,0.00,0.00,0.00
670,1056.29,1.507,252.553,190.692,107.584,190.692,2.94,71.6,,,0.00,0.00,0.00
671,1057.79,1.511,253.688,190.737,106.594,190.737,2.96,74.4,,,0.00,0.00,0.00
672,1059.30,1.514,254.845,190.780,105.623,190.780,2.86,76.2,,,0.00,0.00,0.00
673,1060.82,1.518,256.022,190.821,104.672,190.821,2.65,77.7,,,0.00,0.00,0.00
674,1062.34,1.521,257.219,190.857,103.739,190.857,2.41,79.2,,,0.00,0.00,0.00
675,1063.86,1.526,258.436,190.893,102.826,190.893,2.32,80.3,,,0.00,0.00,0.00
676,1065.38,1.530,259.674,190.929,101.937,190.929,2.35,79.5,,,0.00,0.00,0.00
677,1066.91,1.534,260.935,190.967,101.071,190.967,2.49,78.6,,,0.00,0.00,0.00
678,1068.45,1.538,262.215,191.005,100.227,191.005,2.50,78.2,,,0.00,0.00,0.00
679,1069.98,1.541,263.514,191.042,99.405,191.042,2.38,82.8,,,0.00,0.00,0.00
680,1071.53,1.547,264.831,191.079,98.606,191.079,2.40,91.5,,,0.00,0.00,0.00
681,1073.07,1.553,266.168,191.117,97.831,191.117,2.42,98.0,,,0.00,0.00,0.00
682,1074.62,1.557,267.526,191.155,97.078,191.155,2.43,100.7,,,0.00,0.00,0.00
683,1076.18,1.562,268.899,191.188,96.344,191.188,2.14,100.8,,,0.00,0.00,0.00
684,1077.74,1.568,270.285,191.213,95.624,191.213,1.57,99.7,,,0.00,0.00,0.00
685,1079.31,1.575,271.684,191.228,94.918,191.228,0.97,98.5,,,0.00,0.00,0.00
686,1080.89,1.583,273.101,191.238,94.230,191.238,0.62,95.3,,,0.00,0.00,0.00
687,1082.47,1.591,274.539,191.249,93.568,191.249,0.70,90.5,,,0.00,0.00,0.00
688,1084.06,1.597,275.997,191.265,92.934,191.265,1.02,90.0,,,0.00,0.00,0.00
689,1085.66,1.604,277.476,191.288,92.331,191.288,1.43,93.7,,,0.00,0.00,0.00
690,1087.26,1.613,278.973,191.314,91.754,191.314,1.59,101.6,,,0.00,0.00,0.00
691,1088.87,1.621,280.486,191.339,91.198,191.339,1.56,112.3,,,0.00,0.00,0.00
692,1090.50,1.507,282.015,191.362,90.660,191.362,1.49,124.1,,,0.00,0.00,0.00
693,1092.00,1.518,283.442,191.380,90.176,191.380,1.24,132.2,,,0.00,0.00,0.00
694,1093.52,1.529,284.885,191.398,89.706,191.398,1.14,137.0,,,0.00,0.00,0.00
695,1095.05,1.540,286.343,191.413,89.247,191.413,0.96,139.0,,,0.00,0.00,0.00
696,1096.59,1.554,287.817,191.425,88.799,191.425,0.79,140.6,,,0.00,0.00,0.00
697,1098.14,1.568,289.309,191.437,88.364,191.437,0.79,142.6,,,0.00,0.00,0.00
698,1099.71,1.580,290.819,191.451,87.942,191.451,0.85,143.5,,,0.00,0.00,0.00
699,1101.29,1.594,292.345,191.465,87.535,191.465,0.91,144.7,,,0.00,0.00,0.00
700,1102.89,1.608,293.890,191.481,87.142,191.481,0.97,148.6,,,0.00,0.00,0.00
701,1104.49,1.623,295.452,191.498,86.762,191.498,1.03,154.4,,,0.00,0.00,0.00
702,1106.12,1.502,297.033,191.516,86.395,191.516,1.20,160.9,,,0.00,0.00,0.00
703,1107.62,1.515,298.499,191.533,86.070,191.533,1.13,168.2,,,0.00,0.00,0.00
704,1109.14,1.528,299.981,191.551,85.755,191.551,1.16,175.0,,,0.00,0.00,0.00
705,1110.66,1.541,301.479,191.568,85.451,191.568,1.16,182.7,,,0.00,0.00,0.00
706,1112.20,1.554,302.992,191.586,85.157,191.586,1.14,189.5,,,0.00,0.00,0.00
707,1113.76,1.567,304.519,191.604,84.872,191.604,1.11,197.0,,,0.00,0.00,0.00
708,1115.33,1.581,306.062,191.621,84.598,191.621,1.09,204.9,,,0.00,0.00,0.00
709,1116.91,1.594,307.620,191.638,84.333,191.638,1.08,212.9,,,0.00,0.00,0.00
710,1118.50,1.607,309.193,191.656,84.078,191.656,1.09,220.4,,,0.00,0.00,0.00
711,1120.11,1.620,310.781,191.673,83.832,191.673,1.09,227.8,,,0.00,0.00,0.00
712,1121.73,1.633,312.384,191.691,83.596,191.691,1.08,234.4,,,0.00,0.00,0.00
713,1123.36,1.646,314.001,191.709,83.368,191.709,1.07,240.6,,,0.00,0.00,0.00
714,1125.01,1.508,315.632,191.726,83.150,191.726,1.16,244.7,,,0.00,0.00,0.00
715,1126.51,1.518,317.128,191.742,82.960,191.742,1.05,247.6,,,0.00,0.00,0.00
716,1128.03,1.529,318.635,191.758,82.777,191.758,1.03,248.8,,,0.00,0.00,0.00
717,1129.56,1.540,320.154,191.773,82.602,191.773,1.02,250.2,,,0.00,0.00,0.00
718,1131.10,1.550,321.684,191.789,82.436,191.789,1.02,251.4,,,0.00,0.00,0.00
719,1132.65,1.561,323.226,191.805,82.277,191.805,1.02,252.3,,,0.00,0.00,0.00
720,1134.21,1.571,324.779,191.822,82.128,191.822,1.04,252.6,,,0.00,0.00,0.00
721,1135.78,1.581,326.344,191.838,81.987,191.838,1.02,253.9,,,0.00,0.00,0.00
722,1137.37,1.592,327.920,191.854,81.855,191.854,1.01,256.7,,,0.00,0.00,0.00
723,1138.96,1.602,329.506,191.870,81.732,191.870,1.00,261.3,,,0.00,0.00,0.00
724,1140.56,1.613,331.104,191.886,81.618,191.886,1.01,267.8,,,0.00,0.00,0.00
725,1142.17,1.623,332.714,191.903,81.513,191.903,1.03,275.5,,,0.00,0.00,0.00
726,1143.80,1.633,334.334,191.920,81.418,191.920,1.03,286.1,,,0.00,0.00,0.00
727,1145.43,1.643,335.965,191.937,81.331,191.937,1.04,299.3,,,0.00,0.00,0.00
728,1147.07,1.654,337.606,191.954,81.253,191.954,1.04,316.2,,,0.00,0.00,0.00
729,1148.73,1.664,339.258,191.971,81.183,191.971,1.04,336.1,,,0.00,0.00,0.00
730,1150.39,1.506,340.921,191.989,81.121,191.989,1.16,359.1,,,0.00,0.00,0.00
731,1151.90,1.514,342.426,192.005,81.071,192.005,1.04,388.8,,,0.00,0.00,0.00
732,1153.41,1.522,343.940,192.021,81.028,192.021,1.05,429.6,,,0.00,0.00,0.00
733,1154.93,1.531,345.461,192.036,80.990,192.036,1.04,479.5,,,0.00,0.00,0.00
734,1156.46,1.539,346.992,192.052,80.957,192.052,1.04,559.5,,,0.00,0.00,0.00
735,1158.00,1.547,348.530,192.069,80.928,192.069,1.05,780.5,,,0.00,0.00,0.00
736,1159.55,1.550,350.076,192.085,80.903,192.085,1.08,1007.7,,,0.00,0.00,0.00
737,1161.10,1.547,351.626,192.103,80.882,192.103,1.11,1230.8,,,0.00,0.00,0.00
738,1162.65,1.546,353.174,192.120,80.864,192.120,1.11,1441.7,,,0.00,0.00,0.00
739,1164.19,1.546,354.720,192.136,80.846,192.136,1.07,1549.4,,,0.00,0.00,0.00
740,1165.74,1.549,356.266,192.153,80.830,192.153,1.07,1632.4,,,0.00,0.00,0.00
741,1167.29,1.551,357.814,192.169,80.812,192.169,1.06,1676.6,,,0.00,0.00,0.00
742,1168.84,1.555,359.365,192.186,80.794,192.186,1.08,1569.3,,,0.00,0.00,0.00
743,1170.39,1.562,360.920,192.204,80.774,192.204,1.13,1464.5,,,0.00,0.00,0.00
744,1171.96,1.568,362.482,192.222,80.751,192.222,1.17,1393.6,,,0.00,0.00,0.00
745,1173.52,1.575,364.049,192.241,80.727,192.241,1.20,1385.4,,,0.00,0.00,0.00
746,1175.10,1.582,365.624,192.260,80.700,192.260,1.23,1478.4,,,0.00,0.00,0.00
747,1176.68,1.588,367.205,192.280,80.671,192.280,1.26,1583.5,,,0.00,0.00,0.00
748,1178.27,1.594,368.792,192.300,80.641,192.300,1.27,1695.5,,,0.00,0.00,0.00
749,1179.86,1.600,370.386,192.320,80.609,192.320,1.26,1813.7,,,0.00,0.00,0.00
750,1181.46,1.607,371.985,192.341,80.576,192.341,1.25,1918.5,,,0.00,0.00,0.00
751,1183.07,1.613,373.592,192.361,80.542,192.361,1.26,1989.4,,,0.00,0.00,0.00
752,1184.68,1.619,375.204,192.381,80.508,192.381,1.25,2000.0,,,0.00,0.00,0.00
753,1186.30,1.626,376.823,192.402,80.473,192.402,1.25,2000.0,,,0.00,0.00,0.00
754,1187.93,1.632,378.448,192.423,80.438,192.423,1.29,2000.0,,,0.00,0.00,0.00
755,1189.56,1.638,380.080,192.444,80.403,192.444,1.33,2000.0,,,0.00,0.00,0.00
756,1191.20,1.645,381.717,192.467,80.368,192.467,1.35,2000.0,,,0.00,0.00,0.00
757,1192.84,1.651,383.361,192.489,80.334,192.489,1.36,2000.0,,,0.00,0.00,0.00
758,1194.49,1.657,385.011,192.511,80.299,192.511,1.35,2000.0,,,0.00,0.00,0.00
759,1196.15,1.663,386.668,192.534,80.265,192.534,1.35,2000.0,,,0.00,0.00,0.00
760,1197.81,1.669,388.330,192.556,80.231,192.556,1.35,2000.0,,,0.00,0.00,0.00
761,1199.48,1.676,389.999,192.579,80.197,192.579,1.34,2000.0,,,0.00,0.00,0.00
762,1201.16,1.682,391.674,192.602,80.164,192.602,1.36,2000.0,,,0.00,0.00,0.00
763,1202.84,1.688,393.356,192.625,80.130,192.625,1.40,2000.0,,,0.00,0.00,0.00
764,1204.53,1.506,395.043,192.649,80.096,192.649,1.60,2000.0,,,0.00,0.00,0.00
765,1206.03,1.510,396.548,192.671,80.067,192.671,1.42,2000.0,,,0.00,0.00,0.00
766,1207.54,1.515,398.058,192.692,80.037,192.692,1.41,2000.0,,,0.00,0.00,0.00
767,1209.06,1.520,399.572,192.713,80.007,192.713,1.38,2000.0,,,0.00,0.00,0.00
768,1210.58,1.525,401.092,192.735,79.976,192.735,1.39,2000.0,,,0.00,0.00,0.00
769,1212.10,1.529,402.616,192.756,79.946,192.756,1.40,2000.0,,,0.00,0.00,0.00
770,1213.63,1.534,404.145,192.777,79.915,192.777,1.38,2000.0,,,0.00,0.00,0.00
771,1215.17,1.539,405.678,192.798,79.884,192.798,1.37,2000.0,,,0.00,0.00,0.00
772,1216.71,1.544,407.216,192.819,79.853,192.819,1.38,2000.0,,,0.00,0.00,0.00
773,1218.25,1.548,408.759,192.842,79.821,192.842,1.44,2000.0,,,0.00,0.00,0.00
774,1219.80,1.553,410.307,192.865,79.789,192.865,1.50,2000.0,,,0.00,0.00,0.00
775,1221.35,1.557,411.860,192.889,79.756,192.889,1.53,2000.0,,,0.00,0.00,0.00
776,1222.91,1.562,413.417,192.913,79.722,192.913,1.52,2000.0,,,0.00,0.00,0.00
777,1224.47,1.567,414.978,192.936,79.689,192.936,1.50,2000.0,,,0.00,0.00,0.00
778,1226.04,1.571,416.544,192.959,79.655,192.959,1.48,2000.0,,,0.00,0.00,0.00
779,1227.61,1.576,418.115,192.983,79.621,192.983,1.48,2000.0,,,0.00,0.00,0.00
780,1229.18,1.581,419.690,193.006,79.586,193.006,1.47,2000.0,,,0.00,0.00,0.00
781,1230.77,1.585,421.270,193.029,79.552,193.029,1.49,2000.0,,,0.00,0.00,0.00
782,1232.35,1.590,422.855,193.054,79.518,193.054,1.52,2000.0,,,0.00,0.00,0.00
783,1233.94,1.595,424.445,193.079,79.485,193.079,1.60,1969.8,,,0.00,0.00,0.00
784,1235.54,1.599,426.039,193.106,79.452,193.106,1.68,1907.5,,,0.00,0.00,0.00
785,1237.14,1.604,427.638,193.134,79.421,193.134,1.74,1830.4,,,0.00,0.00,0.00
786,1238.74,1.608,429.241,193.163,79.390,193.163,1.79,1724.3,,,0.00,0.00,0.00
787,1240.35,1.613,430.848,193.192,79.361,193.192,1.80,1606.6,,,0.00,0.00,0.00
788,1241.96,1.616,432.460,193.221,79.334,193.221,1.82,1508.0,,,0.00,0.00,0.00
789,1243.58,1.617,434.076,193.250,79.308,193.250,1.79,1424.1,,,0.00,0.00,0.00
790,1245.19,1.611,435.692,193.279,79.284,193.279,1.79,1378.3,,,0.00,0.00,0.00
791,1246.80,1.601,437.302,193.307,79.262,193.307,1.77,1363.6,,,0.00,0.00,0.00
792,1248.40,1.589,438.903,193.335,79.243,193.335,1.75,1337.9,,,0.00,0.00,0.00
793,1249.99,1.576,440.491,193.362,79.226,193.362,1.73,1319.5,,,0.00,0.00,0.00
794,1251.57,1.562,442.066,193.389,79.210,193.389,1.71,1284.2,,,0.00,0.00,0.00
795,1253.13,1.549,443.628,193.415,79.196,193.415,1.71,1214.6,,,0.00,0.00,0.00
796,1254.68,1.536,445.177,193.442,79.185,193.442,1.72,1119.6,,,0.00,0.00,0.00
797,1256.22,1.523,446.713,193.468,79.175,193.468,1.72,1011.2,,,0.00,0.00,0.00
798,1257.74,1.511,448.236,193.494,79.168,193.494,1.73,899.9,,,0.00,0.00,0.00
799,1259.25,1.684,449.746,193.520,79.164,193.520,1.55,811.3,,,0.00,0.00,0.00
800,1260.93,1.669,451.430,193.550,79.163,193.550,1.77,739.4,,,0.00,0.00,0.00
801,1262.60,1.653,453.099,193.579,79.166,193.579,1.79,687.5,,,0.00,0.00,0.00
802,1264.26,1.638,454.752,193.609,79.173,193.609,1.80,640.8,,,0.00,0.00,0.00
803,1265.90,1.624,456.390,193.638,79.184,193.638,1.77,600.9,,,0.00,0.00,0.00
804,1267.52,1.610,458.013,193.666,79.199,193.666,1.74,566.1,,,0.00,0.00,0.00
805,1269.13,1.598,459.623,193.693,79.218,193.693,1.70,538.1,,,0.00,0.00,0.00
806,1270.73,1.587,461.220,193.720,79.243,193.720,1.68,504.2,,,0.00,0.00,0.00
807,1272.31,1.574,462.806,193.746,79.273,193.746,1.65,474.6,,,0.00,0.00,0.00
808,1273.89,1.560,464.380,193.771,79.307,193.771,1.65,457.4,,,0.00,0.00,0.00
809,1275.45,1.550,465.939,193.797,79.347,193.797,1.64,455.3,,,0.00,0.00,0.00
810,1277.00,1.540,467.488,193.822,79.392,193.822,1.64,459.0,,,0.00,0.00,0.00
811,1278.54,1.527,469.027,193.847,79.443,193.847,1.66,461.7,,,0.00,0.00,0.00
812,1280.07,1.513,470.554,193.873,79.498,193.873,1.68,456.5,,,0.00,0.00,0.00
813,1281.58,1.664,472.065,193.898,79.557,193.898,1.53,455.2,,,0.00,0.00,0.00
814,1283.24,1.646,473.728,193.926,79.628,193.926,1.70,449.9,,,0.00,0.00,0.00
815,1284.89,1.628,475.372,193.954,79.704,193.954,1.69,436.4,,,0.00,0.00,0.00
816,1286.52,1.610,476.998,193.981,79.785,193.981,1.69,413.6,,,0.00,0.00,0.00
817,1288.13,1.592,478.606,194.008,79.871,194.008,1.70,385.1,,,0.00,0.00,0.00
818,1289.72,1.574,480.195,194.035,79.963,194.035,1.72,354.5,,,0.00,0.00,0.00
819,1291.29,1.556,481.765,194.063,80.061,194.063,1.75,325.1,,,0.00,0.00,0.00
820,1292.85,1.539,483.317,194.090,80.165,194.090,1.78,298.0,,,0.00,0.00,0.00
821,1294.39,1.521,484.852,194.117,80.276,194.117,1.78,273.1,,,0.00,0.00,0.00
822,1295.91,1.504,486.368,194.144,80.395,194.144,1.78,250.6,,,0.00,0.00,0.00
823,1297.41,1.634,487.866,194.170,80.521,194.170,1.62,230.5,,,0.00,0.00,0.00
824,1299.05,1.614,489.493,194.199,80.670,194.199,1.79,211.9,,,0.00,0.00,0.00
825,1300.66,1.594,491.099,194.228,80.830,194.228,1.81,195.8,,,0.00,0.00,0.00
826,1302.26,1.575,492.684,194.257,81.001,194.257,1.83,182.8,,,0.00,0.00,0.00
827,1303.83,1.556,494.247,194.286,81.183,194.286,1.86,172.6,,,0.00,0.00,0.00
828,1305.39,1.538,495.791,194.315,81.378,194.315,1.88,164.2,,,0.00,0.00,0.00
829,1306.92,1.520,497.314,194.344,81.586,194.344,1.91,156.0,,,0.00,0.00,0.00
830,1308.44,1.502,498.817,194.372,81.806,194.372,1.90,148.0,,,0.00,0.00,0.00
831,1309.95,1.619,500.301,194.400,82.039,194.400,1.69,140.3,,,0.00,0.00,0.00
832,1311.57,1.599,501.898,194.427,82.306,194.427,1.74,132.8,,,0.00,0.00,0.00
833,1313.16,1.579,503.471,194.454,82.589,194.454,1.66,124.4,,,0.00,0.00,0.00
834,1314.74,1.560,505.022,194.478,82.888,194.478,1.58,115.2,,,0.00,0.00,0.00
835,1316.30,1.542,506.549,194.502,83.205,194.502,1.55,106.5,,,0.00,0.00,0.00
836,1317.85,1.527,508.053,194.525,83.541,194.525,1.52,99.8,,,0.00,0.00,0.00
837,1319.37,1.513,509.538,194.549,83.897,194.549,1.53,94.7,,,0.00,0.00,0.00
838,1320.89,1.624,511.003,194.572,84.276,194.572,1.46,90.7,,,0.00,0.00,0.00
839,1322.51,1.608,512.567,194.598,84.711,194.598,1.61,86.6,,,0.00,0.00,0.00
840,1324.12,1.593,514.108,194.622,85.169,194.622,1.53,83.6,,,0.00,0.00,0.00
841,1325.71,1.579,515.626,194.645,85.651,194.645,1.43,81.4,,,0.00,0.00,0.00
842,1327.29,1.565,517.122,194.665,86.157,194.665,1.28,79.6,,,0.00,0.00,0.00
843,1328.86,1.554,518.594,194.685,86.689,194.685,1.29,77.6,,,0.00,0.00,0.00
844,1330.41,1.545,520.043,194.705,87.249,194.705,1.30,75.4,,,0.00,0.00,0.00
845,1331.96,1.537,521.473,194.725,87.835,194.725,1.27,72.9,,,0.00,0.00,0.00
846,1333.49,1.530,522.882,194.743,88.449,194.743,1.17,71.9,,,0.00,0.00,0.00
847,1335.02,1.522,524.271,194.758,89.087,194.758,1.01,70.8,,,0.00,0.00,0.00
848,1336.54,1.515,525.640,194.771,89.752,194.771,0.85,69.8,,,0.00,0.00,0.00
849,1338.06,1.509,526.987,194.783,90.443,194.783,0.80,68.1,,,0.00,0.00,0.00
850,1339.57,1.505,528.314,194.793,91.162,194.793,0.68,66.2,,,0.00,0.00,0.00
851,1341.07,1.501,529.620,194.802,91.909,194.802,0.57,64.9,,,0.00,0.00,0.00
852,1342.57,1.614,530.905,194.807,92.684,194.807,0.34,64.2,,,0.00,0.00,0.00
853,1344.19,1.615,532.266,194.812,93.551,194.812,0.29,62.6,,,0.00,0.00,0.00
854,1345.80,1.503,533.605,194.814,94.454,194.814,0.15,61.7,,,0.00,0.00,0.00
855,1347.31,1.508,534.829,194.813,95.325,194.813,-0.04,60.0,,,0.00,0.00,0.00
856,1348.81,1.513,536.037,194.810,96.228,194.810,-0.20,59.9,,,0.00,0.00,0.00
857,1350.33,1.519,537.223,194.808,97.166,194.808,-0.16,59.6,,,0.00,0.00,0.00
858,1351.85,1.527,538.390,194.805,98.138,194.805,-0.21,59.5,,,0.00,0.00,0.00
859,1353.37,1.536,539.535,194.803,99.146,194.803,-0.10,59.5,,,0.00,0.00,0.00
860,1354.91,1.547,540.661,194.802,100.190,194.802,-0.04,60.4,,,0.00,0.00,0.00
861,1356.46,1.555,541.769,194.804,101.270,194.804,0.09,62.2,,,0.00,0.00,0.00
862,1358.01,1.561,542.854,194.807,102.383,194.807,0.19,65.3,,,0.00,0.00,0.00
863,1359.57,1.565,543.916,194.812,103.527,194.812,0.34,67.3,,,0.00,0.00,0.00
864,1361.14,1.563,544.951,194.821,104.699,194.821,0.53,68.4,,,0.00,0.00,0.00
865,1362.70,1.557,545.959,194.830,105.893,194.830,0.58,68.2,,,0.00,0.00,0.00
866,1364.26,1.549,546.940,194.836,107.102,194.836,0.41,67.1,,,0.00,0.00,0.00
867,1365.81,1.541,547.889,194.839,108.325,194.839,0.18,65.3,,,0.00,0.00,0.00
868,1367.35,1.533,548.806,194.841,109.563,194.841,0.14,62.9,,,0.00,0.00,0.00
869,1368.88,1.526,549.687,194.843,110.816,194.843,0.15,60.2,,,0.00,0.00,0.00
870,1370.41,1.522,550.528,194.847,112.088,194.847,0.29,58.2,,,0.00,0.00,0.00
871,1371.93,1.519,551.329,194.856,113.382,194.856,0.59,56.7,,,0.00,0.00,0.00
872,1373.45,1.516,552.092,194.867,114.694,194.867,0.73,55.6,,,0.00,0.00,0.00
873,1374.96,1.515,552.819,194.877,116.024,194.877,0.62,55.9,,,0.00,0.00,0.00
874,1376.48,1.516,553.512,194.883,117.370,194.883,0.43,55.7,,,0.00,0.00,0.00
875,1377.99,1.515,554.169,194.889,118.735,194.889,0.36,55.9,,,0.00,0.00,0.00
876,1379.51,1.514,554.787,194.895,120.117,194.895,0.42,56.6,,,0.00,0.00,0.00
877,1381.02,1.515,555.368,194.900,121.514,194.900,0.31,58.4,,,0.00,0.00,0.00
878,1382.54,1.512,555.906,194.908,122.929,194.908,0.57,59.9,,,0.00,0.00,0.00
879,1384.05,1.509,556.404,194.918,124.356,194.918,0.61,61.3,,,0.00,0.00,0.00
880,1385.56,1.505,556.867,194.924,125.791,194.924,0.39,61.3,,,0.00,0.00,0.00
881,1387.06,1.502,557.300,194.924,127.232,194.924,0.01,62.3,,,0.00,0.00,0.00
882,1388.56,1.614,557.699,194.919,128.679,194.919,-0.28,62.1,,,0.00,0.00,0.00
883,1390.18,1.611,558.089,194.913,130.244,194.913,-0.41,60.5,,,0.00,0.00,0.00
884,1391.79,1.607,558.436,194.906,131.816,194.906,-0.43,57.3,,,0.00,0.00,0.00
885,1393.40,1.604,558.736,194.900,133.394,194.900,-0.35,55.0,,,0.00,0.00,0.00
886,1395.00,1.601,558.988,194.896,134.977,194.896,-0.28,53.2,,,0.00,0.00,0.00
887,1396.60,1.601,559.191,194.893,136.564,194.893,-0.16,52.5,,,0.00,0.00,0.00
888,1398.20,1.605,559.345,194.893,138.157,194.893,-0.03,52.3,,,0.00,0.00,0.00
889,1399.81,1.605,559.449,194.894,139.757,194.894,0.09,53.0,,,0.00,0.00,0.00
890,1401.41,1.603,559.501,194.898,141.360,194.898,0.25,54.3,,,0.00,0.00,0.00
891,1403.02,1.602,559.505,194.902,142.962,194.902,0.26,55.7,,,0.00,0.00,0.00
892,1404.62,1.601,559.462,194.906,144.562,194.906,0.23,57.1,,,0.00,0.00,0.00
893,1406.22,1.599,559.376,194.907,146.160,194.907,0.06,58.6,,,0.00,0.00,0.00
894,1407.82,1.599,559.248,194.905,147.753,194.905,-0.13,59.6,,,0.00,0.00,0.00
895,1409.42,1.597,559.079,194.900,149.342,194.900,-0.32,60.5,,,0.00,0.00,0.00
896,1411.01,1.597,558.867,194.892,150.924,194.892,-0.48,60.3,,,0.00,0.00,0.00
897,1412.61,1.597,558.615,194.882,152.500,194.882,-0.63,59.8,,,0.00,0.00,0.00
898,1414.21,1.597,558.321,194.870,154.068,194.870,-0.77,59.0,,,0.00,0.00,0.00
899,1415.80,1.598,557.986,194.855,155.629,194.855,-0.90,58.1,,,0.00,0.00,0.00
900,1417.40,1.600,557.607,194.840,157.180,194.840,-0.95,57.1,,,0.00,0.00,0.00
901,1419.00,1.604,557.185,194.824,158.723,194.824,-0.99,56.6,,,0.00,0.00,0.00
902,1420.61,1.609,556.717,194.810,160.256,194.810,-0.92,56.2,,,0.00,0.00,0.00
903,1422.22,1.614,556.203,194.796,161.780,194.796,-0.81,56.6,,,0.00,0.00,0.00
904,1423.83,1.503,555.641,194.785,163.292,194.785,-0.78,57.4,,,0.00,0.00,0.00
905,1425.33,1.507,555.080,194.774,164.685,194.774,-0.67,58.7,,,0.00,0.00,0.00
906,1426.84,1.512,554.482,194.764,166.066,194.764,-0.66,60.3,,,0.00,0.00,0.00
907,1428.35,1.517,553.847,194.754,167.437,194.754,-0.69,61.9,,,0.00,0.00,0.00
908,1429.87,1.522,553.177,194.742,168.797,194.742,-0.79,63.3,,,0.00,0.00,0.00
909,1431.39,1.528,552.472,194.728,170.146,194.728,-0.94,64.0,,,0.00,0.00,0.00
910,1432.92,1.533,551.734,194.711,171.482,194.711,-1.10,64.4,,,0.00,0.00,0.00
911,1434.45,1.539,550.962,194.691,172.806,194.691,-1.28,64.5,,,0.00,0.00,0.00
912,1435.99,1.545,550.157,194.669,174.116,194.669,-1.45,64.6,,,0.00,0.00,0.00
913,1437.53,1.552,549.316,194.645,175.411,194.645,-1.55,64.6,,,0.00,0.00,0.00
914,1439.09,1.560,548.440,194.619,176.691,194.619,-1.63,64.7,,,0.00,0.00,0.00
915,1440.65,1.568,547.529,194.593,177.956,194.593,-1.70,65.2,,,0.00,0.00,0.00
916,1442.21,1.577,546.582,194.564,179.204,194.564,-1.78,66.3,,,0.00,0.00,0.00
917,1443.79,1.586,545.600,194.535,180.437,194.535,-1.85,67.2,,,0.00,0.00,0.00
918,1445.38,1.596,544.583,194.505,181.653,194.505,-1.91,67.8,,,0.00,0.00,0.00
919,1446.97,1.607,543.533,194.473,182.853,194.473,-1.99,68.2,,,0.00,0.00,0.00
920,1448.58,1.618,542.448,194.439,184.037,194.439,-2.06,68.7,,,0.00,0.00,0.00
921,1450.20,1.504,541.328,194.406,185.203,194.406,-2.23,69.2,,,0.00,0.00,0.00
922,1451.70,1.514,540.262,194.375,186.263,194.375,-2.01,69.9,,,0.00,0.00,0.00
923,1453.22,1.523,539.166,194.346,187.305,194.346,-1.91,70.7,,,0.00,0.00,0.00
924,1454.74,1.532,538.041,194.319,188.330,194.319,-1.80,72.9,,,0.00,0.00,0.00
925,1456.27,1.543,536.886,194.293,189.336,194.293,-1.68,75.5,,,0.00,0.00,0.00
926,1457.81,1.552,535.703,194.268,190.325,194.268,-1.57,79.1,,,0.00,0.00,0.00
927,1459.37,1.562,534.492,194.245,191.295,194.245,-1.46,82.3,,,0.00,0.00,0.00
928,1460.93,1.573,533.256,194.223,192.250,194.223,-1.45,85.7,,,0.00,0.00,0.00
929,1462.50,1.583,531.994,194.200,193.187,194.200,-1.42,88.9,,,0.00,0.00,0.00
930,1464.08,1.594,530.709,194.177,194.110,194.177,-1.47,92.1,,,0.00,0.00,0.00
931,1465.68,1.605,529.398,194.154,195.016,194.154,-1.43,94.2,,,0.00,0.00,0.00
932,1467.28,1.615,528.063,194.130,195.905,194.130,-1.44,96.2,,,0.00,0.00,0.00
933,1468.90,1.625,526.705,194.107,196.778,194.107,-1.47,97.7,,,0.00,0.00,0.00
934,1470.52,1.635,525.323,194.082,197.634,194.082,-1.52,99.6,,,0.00,0.00,0.00
935,1472.16,1.508,523.920,194.056,198.472,194.056,-1.71,101.0,,,0.00,0.00,0.00
936,1473.67,1.515,522.614,194.031,199.225,194.031,-1.64,101.2,,,0.00,0.00,0.00
937,1475.18,1.522,521.290,194.005,199.962,194.005,-1.74,101.0,,,0.00,0.00,0.00
938,1476.70,1.528,519.951,193.976,200.683,193.976,-1.87,100.2,,,0.00,0.00,0.00
939,1478.23,1.535,518.595,193.946,201.387,193.946,-1.99,99.4,,,0.00,0.00,0.00
940,1479.77,1.541,517.223,193.914,202.072,193.914,-2.02,98.3,,,0.00,0.00,0.00
941,1481.31,1.546,515.835,193.882,202.739,193.882,-2.06,96.8,,,0.00,0.00,0.00
942,1482.85,1.551,514.431,193.851,203.384,193.851,-2.06,95.5,,,0.00,0.00,0.00
943,1484.40,1.556,513.012,193.818,204.009,193.818,-2.07,95.3,,,0.00,0.00,0.00
944,1485.96,1.561,511.579,193.786,204.612,193.786,-2.07,95.7,,,0.00,0.00,0.00
945,1487.52,1.566,510.131,193.754,205.194,193.754,-2.03,97.4,,,0.00,0.00,0.00
946,1489.09,1.571,508.670,193.723,205.753,193.723,-1.99,99.6,,,0.00,0.00,0.00
947,1490.66,1.577,507.194,193.692,206.291,193.692,-1.95,102.3,,,0.00,0.00,0.00
948,1492.23,1.582,505.705,193.662,206.807,193.662,-1.94,106.1,,,0.00,0.00,0.00
949,1493.82,1.588,504.203,193.630,207.302,193.630,-1.97,110.4,,,0.00,0.00,0.00
950,1495.40,1.594,502.688,193.598,207.778,193.598,-2.01,115.1,,,0.00,0.00,0.00
951,1497.00,1.601,501.161,193.565,208.234,193.565,-2.07,119.9,,,0.00,0.00,0.00
952,1498.60,1.607,499.622,193.531,208.672,193.531,-2.15,124.8,,,0.00,0.00,0.00
953,1500.21,1.614,498.072,193.494,209.091,193.494,-2.25,129.8,,,0.00,0.00,0.00
954,1501.82,1.622,496.509,193.456,209.493,193.456,-2.33,135.0,,,0.00,0.00,0.00
955,1503.44,1.630,494.934,193.417,209.879,193.417,-2.40,140.0,,,0.00,0.00,0.00
956,1505.07,1.639,493.347,193.377,210.247,193.377,-2.47,144.6,,,0.00,0.00,0.00
957,1506.71,1.648,491.747,193.335,210.600,193.335,-2.53,149.0,,,0.00,0.00,0.00
958,1508.36,1.507,490.135,193.292,210.937,193.292,-2.84,153.4,,,0.00,0.00,0.00
959,1509.87,1.517,488.657,193.253,211.230,193.253,-2.60,157.5,,,0.00,0.00,0.00
960,1511.38,1.526,487.167,193.213,211.511,193.213,-2.59,161.5,,,0.00,0.00,0.00
961,1512.91,1.536,485.666,193.174,211.779,193.174,-2.55,165.4,,,0.00,0.00,0.00
962,1514.45,1.547,484.152,193.135,212.035,193.135,-2.50,169.6,,,0.00,0.00,0.00
963,1515.99,1.557,482.625,193.097,212.279,193.097,-2.44,174.6,,,0.00,0.00,0.00
964,1517.55,1.568,481.086,193.060,212.511,193.060,-2.37,180.9,,,0.00,0.00,0.00
965,1519.12,1.579,479.534,193.024,212.730,193.024,-2.30,188.4,,,0.00,0.00,0.00
966,1520.70,1.589,477.970,192.988,212.938,192.988,-2.24,196.4,,,0.00,0.00,0.00
967,1522.29,1.600,476.393,192.953,213.135,192.953,-2.19,205.0,,,0.00,0.00,0.00
968,1523.89,1.610,474.805,192.919,213.320,192.919,-2.16,214.5,,,0.00,0.00,0.00
969,1525.49,1.621,473.205,192.884,213.495,192.884,-2.15,224.7,,,0.00,0.00,0.00
970,1527.12,1.631,471.593,192.849,213.659,192.849,-2.13,235.5,,,0.00,0.00,0.00
971,1528.75,1.642,469.970,192.814,213.813,192.814,-2.12,246.2,,,0.00,0.00,0.00
972,1530.39,1.652,468.335,192.779,213.957,192.779,-2.11,256.8,,,0.00,0.00,0.00
973,1532.04,1.663,466.689,192.744,214.091,192.744,-2.11,268.7,,,0.00,0.00,0.00
974,1533.70,1.506,465.031,192.709,214.216,192.709,-2.33,279.4,,,0.00,0.00,0.00
975,1535.21,1.514,463.530,192.677,214.321,192.677,-2.08,288.3,,,0.00,0.00,0.00
976,1536.72,1.523,462.019,192.646,214.418,192.646,-2.06,304.2,,,0.00,0.00,0.00
977,1538.25,1.528,460.500,192.615,214.509,192.615,-2.04,331.1,,,0.00,0.00,0.00
978,1539.77,1.526,458.974,192.584,214.592,192.584,-2.02,369.9,,,0.00,0.00,0.00
979,1541.30,1.525,457.451,192.554,214.668,192.554,-1.98,429.9,,,0.00,0.00,0.00
980,1542.82,1.523,455.928,192.524,214.737,192.524,-1.98,518.9,,,0.00,0.00,0.00
981,1544.35,1.523,454.407,192.494,214.801,192.494,-1.98,632.4,,,0.00,0.00,0.00
982,1545.87,1.528,452.885,192.464,214.861,192.464,-1.93,759.3,,,0.00,0.00,0.00
983,1547.40,1.535,451.359,192.436,214.918,192.436,-1.84,895.1,,,0.00,0.00,0.00
984,1548.93,1.543,449.825,192.409,214.972,192.409,-1.77,1037.4,,,0.00,0.00,0.00
985,1550.48,1.550,448.284,192.382,215.025,192.382,-1.73,1184.0,,,0.00,0.00,0.00
986,1552.03,1.557,446.735,192.355,215.076,192.355,-1.71,1314.5,,,0.00,0.00,0.00
987,1553.58,1.564,445.179,192.328,215.125,192.328,-1.71,1409.7,,,0.00,0.00,0.00
988,1555.15,1.571,443.616,192.301,215.173,192.301,-1.74,1474.0,,,0.00,0.00,0.00
989,1556.72,1.577,442.046,192.273,215.219,192.273,-1.78,1512.9,,,0.00,0.00,0.00
990,1558.30,1.584,440.470,192.244,215.265,192.244,-1.81,1522.3,,,0.00,0.00,0.00
991,1559.88,1.591,438.887,192.215,215.308,192.215,-1.82,1507.6,,,0.00,0.00,0.00
992,1561.47,1.598,437.297,192.186,215.351,192.186,-1.82,1464.7,,,0.00,0.00,0.00
993,1563.07,1.605,435.700,192.158,215.391,192.158,-1.78,1411.3,,,0.00,0.00,0.00
994,1564.67,1.611,434.096,192.130,215.431,192.130,-1.75,1346.6,,,0.00,0.00,0.00
995,1566.28,1.618,432.486,192.102,215.468,192.102,-1.69,1291.6,,,0.00,0.00,0.00
996,1567.90,1.625,430.869,192.076,215.503,192.076,-1.64,1262.4,,,0.00,0.00,0.00
997,1569.53,1.631,429.245,192.050,215.537,192.050,-1.57,1252.1,,,0.00,0.00,0.00
998,1571.16,1.638,427.614,192.026,215.568,192.026,-1.47,1271.1,,,0.00,0.00,0.00
999,1572.80,1.645,425.977,192.003,215.597,192.003,-1.37,1294.6,,,0.00,0.00,0.00
1000,1574.44,1.651,424.333,191.982,215.624,191.982,-1.30,1328.4,,,0.00,0.00,0.00
1001,1576.09,1.657,422.683,191.961,215.650,191.961,-1.24,1397.7,,,0.00,0.00,0.00
1002,1577.75,1.664,421.026,191.941,215.673,191.941,-1.23,1491.6,,,0.00,0.00,0.00
1003,1579.41,1.671,419.363,191.921,215.695,191.921,-1.17,1571.5,,,0.00,0.00,0.00
1004,1581.08,1.677,417.693,191.903,215.715,191.903,-1.10,1669.7,,,0.00,0.00,0.00
1005,1582.76,1.683,416.016,191.885,215.733,191.885,-1.06,1735.5,,,0.00,0.00,0.00
1006,1584.44,1.502,414.333,191.867,215.749,191.867,-1.18,1815.3,,,0.00,0.00,0.00
1007,1585.94,1.506,412.832,191.852,215.763,191.852,-1.02,1888.5,,,0.00,0.00,0.00
1008,1587.45,1.512,411.326,191.837,215.775,191.837,-0.99,1941.5,,,0.00,0.00,0.00
1009,1588.96,1.517,409.814,191.823,215.787,191.823,-0.94,1966.6,,,0.00,0.00,0.00
1010,1590.48,1.522,408.298,191.809,215.797,191.809,-0.88,1991.9,,,0.00,0.00,0.00
1011,1592.00,1.527,406.776,191.797,215.806,191.797,-0.84,1991.9,,,0.00,0.00,0.00
1012,1593.53,1.531,405.250,191.784,215.815,191.784,-0.83,2000.0,,,0.00,0.00,0.00
1013,1595.06,1.536,403.718,191.771,215.822,191.771,-0.82,2000.0,,,0.00,0.00,0.00
1014,1596.60,1.541,402.183,191.758,215.829,191.758,-0.84,2000.0,,,0.00,0.00,0.00
1015,1598.14,1.546,400.642,191.745,215.835,191.745,-0.86,2000.0,,,0.00,0.00,0.00
1016,1599.68,1.551,399.096,191.732,215.840,191.732,-0.83,2000.0,,,0.00,0.00,0.00
1017,1601.23,1.556,397.545,191.720,215.845,191.720,-0.79,2000.0,,,0.00,0.00,0.00
1018,1602.79,1.561,395.989,191.708,215.848,191.708,-0.75,2000.0,,,0.00,0.00,0.00
1019,1604.35,1.566,394.428,191.697,215.850,191.697,-0.73,2000.0,,,0.00,0.00,0.00
1020,1605.92,1.570,392.863,191.685,215.852,191.685,-0.73,2000.0,,,0.00,0.00,0.00
1021,1607.49,1.575,391.293,191.674,215.852,191.674,-0.73,2000.0,,,0.00,0.00,0.00
1022,1609.06,1.580,389.717,191.662,215.851,191.662,-0.74,2000.0,,,0.00,0.00,0.00
1023,1610.64,1.585,388.138,191.650,215.849,191.650,-0.75,2000.0,,,0.00,0.00,0.00
1024,1612.23,1.589,386.553,191.638,215.846,191.638,-0.76,2000.0,,,0.00,0.00,0.00
1025,1613.82,1.594,384.964,191.626,215.842,191.626,-0.77,2000.0,,,0.00,0.00,0.00
1026,1615.41,1.599,383.370,191.614,215.837,191.614,-0.75,2000.0,,,0.00,0.00,0.00
1027,1617.01,1.604,381.770,191.602,215.830,191.602,-0.71,2000.0,,,0.00,0.00,0.00
1028,1618.61,1.609,380.167,191.592,215.822,191.592,-0.68,2000.0,,,0.00,0.00,0.00
1029,1620.22,1.613,378.558,191.581,215.813,191.581,-0.65,2000.0,,,0.00,0.00,0.00
1030,1621.84,1.618,376.945,191.570,215.803,191.570,-0.65,2000.0,,,0.00,0.00,0.00
1031,1623.46,1.623,375.327,191.560,215.792,191.560,-0.66,2000.0,,,0.00,0.00,0.00
1032,1625.08,1.627,373.704,191.549,215.780,191.549,-0.68,2000.0,,,0.00,0.00,0.00
1033,1626.70,1.632,372.077,191.537,215.768,191.537,-0.69,2000.0,,,0.00,0.00,0.00
1034,1628.34,1.637,370.446,191.526,215.755,191.526,-0.70,2000.0,,,0.00,0.00,0.00
1035,1629.97,1.642,368.809,191.515,215.742,191.515,-0.69,2000.0,,,0.00,0.00,0.00
1036,1631.62,1.646,367.168,191.503,215.728,191.503,-0.67,2000.0,,,0.00,0.00,0.00
1037,1633.26,1.651,365.521,191.493,215.715,191.493,-0.65,2000.0,,,0.00,0.00,0.00
1038,1634.91,1.656,363.871,191.482,215.702,191.482,-0.64,2000.0,,,0.00,0.00,0.00
1039,1636.57,1.660,362.216,191.471,215.689,191.471,-0.64,2000.0,,,0.00,0.00,0.00
1040,1638.23,1.665,360.556,191.461,215.677,191.461,-0.64,2000.0,,,0.00,0.00,0.00
1041,1639.89,1.669,358.891,191.450,215.665,191.450,-0.64,1958.7,,,0.00,0.00,0.00
1042,1641.56,1.674,357.222,191.439,215.655,191.439,-0.65,1919.3,,,0.00,0.00,0.00
1043,1643.24,1.679,355.548,191.428,215.646,191.428,-0.65,1848.1,,,0.00,0.00,0.00
1044,1644.91,1.683,353.870,191.417,215.638,191.417,-0.65,1784.0,,,0.00,0.00,0.00
1045,1646.60,1.688,352.187,191.406,215.632,191.406,-0.66,1711.2,,,0.00,0.00,0.00
1046,1648.29,1.693,350.499,191.395,215.627,191.395,-0.65,1638.3,,,0.00,0.00,0.00
1047,1649.98,1.697,348.807,191.384,215.625,191.384,-0.64,1567.2,,,0.00,0.00,0.00
1048,1651.68,1.701,347.110,191.374,215.624,191.374,-0.62,1547.6,,,0.00,0.00,0.00
1049,1653.38,1.706,345.409,191.363,215.625,191.363,-0.62,1525.9,,,0.00,0.00,0.00
1050,1655.08,1.710,343.703,191.352,215.629,191.352,-0.63,1530.6,,,0.00,0.00,0.00
1051,1656.79,1.500,341.993,191.342,215.634,191.342,-0.72,1536.9,,,0.00,0.00,0.00
1052,1658.29,1.504,340.493,191.332,215.640,191.332,-0.63,1563.6,,,0.00,0.00,0.00
1053,1659.80,1.507,338.990,191.323,215.647,191.323,-0.63,1594.7,,,0.00,0.00,0.00
1054,1661.30,1.511,337.483,191.313,215.656,191.313,-0.63,1650.2,,,0.00,0.00,0.00
1055,1662.81,1.514,335.972,191.304,215.667,191.304,-0.61,1711.1,,,0.00,0.00,0.00
1056,1664.33,1.517,334.458,191.295,215.678,191.295,-0.59,1772.2,,,0.00,0.00,0.00
1057,1665.85,1.521,332.941,191.286,215.692,191.286,-0.57,1838.7,,,0.00,0.00,0.00
1058,1667.37,1.524,331.420,191.278,215.706,191.278,-0.56,1896.5,,,0.00,0.00,0.00
1059,1668.89,1.527,329.896,191.269,215.722,191.269,-0.57,1942.6,,,0.00,0.00,0.00
1060,1670.42,1.531,328.369,191.260,215.738,191.260,-0.58,1984.4,,,0.00,0.00,0.00
1061,1671.95,1.534,326.839,191.251,215.756,191.251,-0.59,2000.0,,,0.00,0.00,0.00
1062,1673.48,1.537,325.305,191.242,215.774,191.242,-0.59,2000.0,,,0.00,0.00,0.00
1063,1675.02,1.541,323.768,191.233,215.794,191.233,-0.58,2000.0,,,0.00,0.00,0.00
1064,1676.56,1.544,322.228,191.224,215.814,191.224,-0.57,2000.0,,,0.00,0.00,0.00
1065,1678.11,1.548,320.684,191.216,215.835,191.216,-0.55,1991.2,,,0.00,0.00,0.00
1066,1679.65,1.551,319.136,191.207,215.856,191.207,-0.53,1991.2,,,0.00,0.00,0.00
1067,1681.20,1.514,317.586,191.199,215.877,191.199,-0.52,1991.2,,,0.00,0.00,0.00
1068,1682.72,1.506,316.073,191.192,215.898,191.192,-0.49,1937.5,,,0.00,0.00,0.00
1069,1684.22,1.504,314.567,191.184,215.918,191.184,-0.52,1937.5,,,0.00,0.00,0.00
1070,1685.73,1.505,313.064,191.177,215.938,191.177,-0.48,1937.5,,,0.00,0.00,0.00
1071,1687.23,1.508,311.559,191.170,215.957,191.170,-0.47,1937.5,,,0.00,0.00,0.00
1072,1688.74,1.510,310.052,191.162,215.975,191.162,-0.51,1946.3,,,0.00,0.00,0.00
1073,1690.25,1.512,308.542,191.155,215.992,191.155,-0.47,1874.3,,,0.00,0.00,0.00
1074,1691.76,1.515,307.030,191.148,216.008,191.148,-0.46,1874.3,,,0.00,0.00,0.00
1075,1693.28,1.518,305.516,191.141,216.024,191.141,-0.46,1928.0,,,0.00,0.00,0.00
1076,1694.79,1.521,303.998,191.134,216.039,191.134,-0.47,1859.2,,,0.00,0.00,0.00
1077,1696.32,1.523,302.478,191.126,216.052,191.126,-0.50,1859.2,,,0.00,0.00,0.00
1078,1697.84,1.525,300.955,191.119,216.065,191.119,-0.47,1859.2,,,0.00,0.00,0.00
1079,1699.36,1.528,299.430,191.112,216.076,191.112,-0.47,1821.6,,,0.00,0.00,0.00
1080,1700.89,1.530,297.902,191.104,216.087,191.104,-0.51,1893.6,,,0.00,0.00,0.00
1081,1702.42,1.533,296.373,191.097,216.097,191.097,-0.47,1893.6,,,0.00,0.00,0.00
1082,1703.95,1.538,294.841,191.090,216.107,191.090,-0.47,1893.6,,,0.00,0.00,0.00
1083,1705.49,1.545,293.303,191.082,216.115,191.082,-0.51,1962.3,,,0.00,0.00,0.00
1084,1707.04,1.555,291.758,191.074,216.122,191.074,-0.51,1962.3,,,0.00,0.00,0.00
1085,1708.59,1.571,290.204,191.066,216.130,191.066,-0.48,1962.3,,,0.00,0.00,0.00
1086,1710.16,1.595,288.633,191.058,216.138,191.058,-0.48,2000.0,,,0.00,0.00,0.00
1087,1711.76,1.624,287.037,191.050,216.144,191.050,-0.52,2000.0,,,0.00,0.00,0.00
1088,1713.38,1.656,285.413,191.041,216.151,191.041,-0.53,2000.0,,,0.00,0.00,0.00
1089,1715.04,1.688,283.757,191.033,216.158,191.033,-0.50,2000.0,,,0.00,0.00,0.00
1090,1716.73,1.716,282.070,191.024,216.166,191.024,-0.51,2000.0,,,0.00,0.00,0.00
1091,1718.44,0.000,280.354,191.014,216.173,191.014,-0.56,2000.0,,,0.00,0.00,0.00
